,Title,City,Square,Rooms,Floor,Built In,Update time,Upload time,Price,Price per meter,Description,Link
0,"Nowe mieszkanie Warszawa Saska Kępa, ul. Międzynarodowa","Warszawa, Saska Kępa, mazowieckie","149,17 m2",7,2,2024,ponad tydzień temu,ponad miesiąc temu,3 960 000 zł,"26 546,89 zł/m2","Nowoczesny, 7 pokojowy apartament w kameralnej zabudowie, dwupoziomowy usytuowany na 3 i 4 kondygnacji.Powierzchnia apartamentu to łącznie 149,17 m2. Na poziomie wejścia jest salon (wysokość 6m) z aneksem kuchennym o pow. 42,22 m2 oraz 2 pokoje (16,83 m i 8,77 m), 2 łazienki, hol 10,04 m i balkon 10,77m.Na drugim poziomie są 4 pokoje (14,79 m, 13,50 m, 7,54 m i 8,82 m), łazienka i hol 9,84 m.Pokoje połączone ścianami działowymi, do dowolnej aranżacji.Okna na 3 strony świata - Zach, Płd. i Wsch. Dokoła zieleń i cisza.Do apartamentu przynależą 2 miejsca postojowe garażu na kondygnacji -1 w cenie 196.800,00 PLN łącznie.Podane ceny apartamentu i miejsc postojowych to ceny brutto.Villa Skaryszewska to kameralna inwestycja na warszawskiej Saskiej Kępie, zlokalizowana w cichym i spokojnym miejscu przy ulicy Międzynarodowej 61A, blisko Parku Skaryszewskiego, miejsca spacerów i wypoczynku.Tylko 5 apartamentów, elewacja z cegły klinkierowej, wysokie - 3 szybowe aluminiowe okna, zapewniające dużo światła dziennego, drzwi wewnętrzne z portalami, elegancka klatka schodowa, nowoczesne oświetlenie to dodatkowe atuty tej inwestycji.www.villaskaryszewska.plZakup bezpośrednio od developera.Treść niniejszego ogłoszenia nie stanowi oferty handlowej w rozumieniu Kodeksu Cywilnego.Oferta wysłana z programu dla biur nieruchomości ASARI CRM (asaricrm.com)",https://gratka.pl/nieruchomosci/nowe-mieszkanie-warszawa-saska-kepa-ul-miedzynarodowa/ob/33872099
1,"Mieszkanie Warszawa Wola, ul. Ludwiki","Warszawa, Wola, mazowieckie","41,04 m2",2,8,2024,przedwczoraj,ponad miesiąc temu,1 130 000 zł,"27 534,11 zł/m2","Do sprzedania  mieszkania o pow. 41.04 m2.  Dwupokojowe mieszkanie w nowej inwestycji na Woli. To luksusowe mieszkanie usytuowane jest na ostatnim, ósmym piętrze, oferując zachwycający widok na zachodnią część Warszawy oraz szeroką panoramę.  Apartament z salonem i aneksem kuchennym, jedną sypialnią i łazienką. W pełni wykończone oraz wyposażone, w tym nowoczesny sprzęt AGD marki Bosch: lodówko-zamrażarka, piekarnik, płyta oraz zmywarka. To idealne miejsce dla osób poszukujących nowoczesności i wygody, którzy docenią również przestronny balkon oraz wygodne miejsce postojowe w hali garażowej (dodatkowo płatne 70 000 zł).  Osiedle zostało doskonale zaprojektowane, a lokalizacja jest wyjątkowa - zaledwie 400 metrów od stacji linii metra Płocka. Wola to jedna z najbardziej dynamicznie rozwijających się dzielnic Warszawy. Znana z bogatej historii przemysłowej, obecnie przekształca się w nowoczesne centrum biznesowe, mieszkaniowe i kulturalne.  Dzięki wielu nowym inwestycjom mieszkaniowym i biurowym, Wola staje się coraz bardziej atrakcyjniejszym miejscem do życia i pracy. Nowoczesne apartamentowce, takie jak ta inwestycja, oferują wysoki standard mieszkań oraz liczne udogodnienia, w tym tereny rekreacyjne, sklepy, restauracje i przestrzenie biurowe. Wola ma świetnie rozwiniętą infrastrukturę komunikacyjną, co ułatwia szybki i wygodny dostęp do innych części Warszawy. Stacje metra, liczne linie tramwajowe i autobusowe sprawiają, że podróżowanie po mieście jest proste i wygodne. Dlatego inwestycje na Woli cieszą się dużym zainteresowaniem wśród osób poszukujących nowego miejsca zamieszkania. ZapraszamyPośrednik odpowiedzialny zawodowo za wykonanie umowy pośrednictwa:  (licencja nr: 24900)",https://gratka.pl/nieruchomosci/mieszkanie-warszawa-wola-ul-ludwiki/ob/34257363
2,"Mieszkanie Warszawa Ursynów, ul. Rosoła","Warszawa, Ursynów, mazowieckie","72,50 m2",3,parter,2004,dziś,ponad dwa tygodnie temu,1 750 000 zł,"24 137,93 zł/m2","Nowoczesny Apartament z Ogrodem na Ursynowie - Idealny dla Rodziny  Prezentujemy Państwu ekskluzywny 72,5m2 apartament znajdujący się na prestiżowym Osiedlu Rezydencja Renoir na Ursynowie. Deweloper Bouygues Immobilier Polska.  Jest to idealne miejsce dla rodzin, które cenią sobie komfort, bezpieczeństwo i bliskość natury. Osiedle Rezydencja Renoir:  * Zbudowane z trzech 3-piętrowych budynków obłożonych piaskowcem, wyposażone w windy. * Teren ogrodzony, chroniony i monitorowany. * Dwa place zabaw dla dzieci, idealne do rodzinnej zabawy. Apartament:  * Otoczony przepięknym ogrodem o powierzchni 23,58m², zaprojektowanym przez architekta krajobrazu. * Taras o powierzchni 27m2 z egzotycznego drewna, idealny do relaksu i spotkań. * Ogrodzenie zasadzone świerkami i tujami zapewniającymi prywatność. * Ogród z zewnętrznym oświetleniem i systemem nawadniania sterowanym elektronicznie. * Rolety zewnętrzne sterowane pilotem, dodające komfortu i prywatności. * Taras zewnętrzny chroniony roletami przed słońcem i deszczem. * Apartament wyposażony w klimatyzację. Wykończenie:  * Materiały wykończeniowe o podwyższonym standardzie. * Ogrodowa ekspozycja południowo-zachodnia. Rozkład apartamentu:  * Salon z przepięknym nowym aneksem kuchennym 22,53 m²  (płd-zachód) * Sypialnia 14,72 m² z biokominkiem (płd-zachód) * Gabinet 9,75 m² z zabudową i roletą zewnętrzną (płn-wschód) * Łazienka 5 m² z prysznicem i bidetem * Pralnia 4,5 m² * Hol 12 m² * Korytarz 4 m² Korytarz wraz z holem w tym mieszkaniu to znakomity przykład na to, jak funkcjonalność może zmienić przestrzeń w przemyślaną, praktyczną, jak i estetycznie atrakcyjną. Jego przestronność jest efektem pełnego wykorzystania dostępnego metrażu. Na całej długości holu znajdują się zabudowane szafy, które zapewniają obfitość miejsca do przechowywania różnorodnych przedmiotów - od ubrań i akcesoriów, przez sprzęt domowy. Dodatkowo, w jednym z segmentów korytarza wygospodarowano miejsce na funkcjonalną garderobę, którą dodatkowo można zamknąć. Jest to idealne rozwiązanie dla tych, którzy cenią sobie szybki i łatwy dostęp do swojej garderoby, jednocześnie zachowując prywatność innych stref mieszkalnych. Hol płynnie łączy się z salonem, tworząc otwarty i przestronny układ. Taka kontynuacja przestrzeni mieszkalnej sprawia, że korytarz nie jest tylko przejściowym korytarzem, ale integralną częścią domu, która dopełnia i rozszerza atrakcyjność salonu. Oświetlenie zostało zaprojektowane w taki sposób, aby podkreślić nowoczesny charakter dziennej części mieszkania, jednocześnie zapewniając ciepłe, przyjemne światło, które zaprasza do wejścia i przebywania w tej części domu. Wykorzystanie jasnych, neutralnych kolorów, błyszczących płaszczyzn oraz luster dodatkowo powiększa optycznie przestrzeń, czyniąc ją jaśniejszą i bardziej otwartą. A potem jest już pełna zieleń - taras z ogrodem. Dodatkowe informacje:  * 2,75m2 komórka lokatorska w cenie. * Dwa rodzinne miejsca postojowe w garażu podziemnym, dodatkowo płatne 100.000 zł. * Czynsz 1600 zł wraz z miejscami postojowymi * Wysokość pomieszczeń 265cm Lokalizacja:  * 10 minut pieszo do stacji metra Imielin (900 m). * Przystanek autobusowy 50 m od osiedla. * Kilka minut pieszo do Lasu Kabackiego i 10 minut rowerem do Parku Kultury w Powsinie. * Szybki dojazd do ulicy Puławskiej i obwodnicy Warszawy S2. * Pełna infrastruktura handlowo-usługowo-rekreacyjna w pobliżu, w tym Szkoła Przymierza Rodzin po drugiej stronie ulicy. Ten przestronny, nowoczesny apartament z ogrodem jest doskonałym wyborem dla rodziny szukającej komfortowego mieszkania w dogodnej lokalizacji. Zapraszamy do kontaktu w celu umówienia prezentacji.Pośrednik odpowiedzialny zawodowo za wykonanie umowy pośrednictwa:  (licencja nr: 24900)",https://gratka.pl/nieruchomosci/mieszkanie-warszawa-ursynow-ul-rosola/ob/34395173
3,"Mieszkanie Warszawa Wyględów, ul. Woronicza","Warszawa, Wyględów, mazowieckie",105 m2,3,2,2006,przedwczoraj,6 dni temu,2 300 000 zł,"21 904,76 zł/m2","W pełni wyposażony, przestronny 3 pokojowy apartament 105m2 na Mokotowie znajdujący się w inwestycji ""Woronicza Park"". Mieszkanie składa się z dwóch sypialni, salonu, kuchni częściowo otwartej na salon, dużej, dobrze zagospodarowanej garderoby, dwóch łazienek, jedna z wanną, druga z kabiną prysznicową oraz dwóch balkonów/loggie. Okna skierowane na dwie strony świata: wschód (salon i kuchnia), zachód (sypialnie). Na podłogach w pokojach i kuchni parkiet dębowy. W mieszkaniu jest klimatyzacja, zarówno w części sypialni jak i w salonie. Mieszkanie posiada bardzo duże (jeszcze rower i motocykl się mieści) miejsce postojowe w garażu podziemnym dodatkowo płatne 50 tys. zł oraz jest możliwość kontynuacji wynajmu dwóch miejsc w garażu. Na terenie osiedla jest Plac zabaw, ogrodzone boisko i prywatny park, teren jest ogrodzony z ochroną 24h na dobę. Bardzo dobra komunikacja, tramwaje, metro, pociągi, trasy rowerowe, obwodnica Warszawy, sklepy osiedlowe, punkty handlowo-usługowe.Pośrednik odpowiedzialny zawodowo za wykonanie umowy pośrednictwa:  (licencja nr: 24900)",https://gratka.pl/nieruchomosci/mieszkanie-warszawa-wygledow-ul-woronicza/ob/34521435
4,Mieszkanie Warszawa Praga-Południe,"Warszawa, Praga-Południe, mazowieckie","62,20 m2",3,parter,2012,wczoraj,ponad dwa tygodnie temu,1 150 000 zł,"18 488,75 zł/m2","LEXNIERUCHOMOŚCI MARTA KOSMOWSKA TEL +48...pokaż numerMamyprzyjemność zaprezentować Państwu mieszkanie kompletnie wyposażone we wszystkieniezbędny sprzęty RTV i AGD o bardzo ciekawej architekturze, rozkładzie ipołożeniu. Mieszkanie wraz z miejscem postojowym w garażu zostało przekazane doużytku w 2012 roku. Składa się z 3 pokoi, aneksu kuchennego i 2 łazienek z WC o łącznejpowierzchni 62,20 m. Z części salonuwłaściciel wydzielił pokój do pracy - jako czwarty pokój. Do mieszkania przynależny bardzo urokliwyogródek i pięknie utrzymany opowierzchni 73 m. Wysokość mieszkanie - 3 m, na podłodze deska dębowa. Mieszkanie zlokalizowane na parterze 2piętrowym bloku , który był inwestycją City Villa z Warszawy, natomiastjego projekt powstał w pracowni Ostrowscy Architekci z Katowic. Ułatwionewejście do budynku dla osób niepełnosprawnych , z uwagi na brak schodów. Budynekkameralny, jednoklatkowy, ilość mieszkań-14.Mieszkanie może być przekształcone w lokal użytkowy bądźmożna w prosty sposób podzielić je na 2 niezależne mieszkania uwzględniającaktualne ceny na warszawskim Rynku Nieruchomości . Jego położenie i możliwościadaptacyjne uwzględniając jego położenie , bardzo duże możliwości adaptacyjne izachęcającą cenę , jesteśmy przekonani , że nasza oferta zainteresuje Państwa .W pobliżu znajdują się Placówki Usługowe, punkty usługowe z branżymotoryzacyjnej , Handlowe m.in. Auchan, i Edukacyjne ( żłobek, przedszkole, liceum) ,komunikacja w postaci SKM, autobusy i tramwaje :- GocławekWschodni (150 m)Autobus: 188,202- Cukrownicza(300 m)Autobus: 188,202- PKPGocławek (350 m)Autobus: 143,145,173,183,225,245,N02,N21,N24,N25,   N71- Gocławek(430 m)Tramwaj: 3,6,9,24Autobus: 125,142,143,145,173,183,245,521,702,704,   720,722,730,N21,N24,N71- Płowiecka(450 m)Autobus: 125,142,143,145,173,183,225,245,402,502,   514,520,521,525,702,704,720,722,730,N02,   N21,N22,N24N25,N71.Mieszkanie własnościowex KW, czynsz w kwocie 1286,84 zł, części składowe czynszu:Zaliczka nakoszty utrzymania nieruchomości wspólnej-335,88 złFunduszremontowy-334,88 złCentralneogrzewanie-zmienne- 61,19 złPodgrzaniewody-opłata zmienna-191,03 złMiejscegarażowe-48 złZimna woda iodprowadzanie ścieków-201,24 złPodgrzaniewody-8,71 złCentralneogrzewanie-opłata stała-19,90 złWywóznieczystości-85 złCenasprzedaży lokalu 1.150.000 PLN plusmiejsce postojowe 50.000 PLN .Niniejszeogłoszenie jest wyłącznie informacją i nie stanowi oferty w rozumieniu art. 66? 1 Kodeksu Cywilnego. Autorskieprawa majątkowe do fotografii nieruchomości przysługują wyłącznie firmie : LEXNIERUCHOMOŚCI MARTA KOSMOWSKA. Kopiowanie, przetwarzanie, rozpowszechnianiefotografii bez zgody LEX NIERUCHOMOŚCI MARTA KOSMOWSKA jest zabronione i będzietraktowane jako naruszenie ustawy z dnia 4 lutego 1994 r. o prawie autorskim iprawach pokrewnychJako biuronieruchomości pobieramy prowizję-wynagrodzenie..",https://gratka.pl/nieruchomosci/mieszkanie-warszawa-praga-poludnie/ob/34426581
5,Apartament pod klucz na Starym Mokotowie (Metro Racławicka). Bezpośrednio,"Warszawa, Mokotów, mazowieckie",440 zł,"41,50 m2",2,1952,dziś,ponad dwa tygodnie temu,1 033 350 zł,24 900 zł/m2,"Prezentowane mieszkanie to wyjątkowa propozycja dla fanów Starego Mokotowa, wygody i luksusu. Tu jesteś blisko centrum, obok Metra Racławicka, a jednocześnie w otoczeniu licznych terenów zielonych. Mieszkanie jest świeżo po kompletnym remoncie. Dzięki współpracy z projektantem, całość jest tak urządzona, aby od pierwszego momentu poczuć się jak u siebie, dlatego apartament sprzedajemy z pełnym wyposażeniem, gotowy do wejścia.Lokal znajduje się na skrzyżowaniu al. Niepodległości i ul. Odyńca, w budynku z cegły (z windą). Jego niewątpliwym atutem jest bardzo niski czynsz (440 PLN), a także dedykowane miejsce na parkingu strzeżonym, tuż pod oknem. Apartament jest klimatyzowany, wysoki, wyjątkowo jasny, z bardzo funkcjonalnym układem i niezwykle stylowym wnętrzem. Kuchnia została wykonana na wymiar i jest wyposażona w kompletne AGD.Zapraszamy do środka: https://youtu.be/ITBgsf3CWy0Wisienką na torcie jest możliwość korzystania z ogromnego, 40 metrowego strychu, a także piwnicy przynależnej do lokalu. Na parterze budynku znajduje się doskonale wyposażony sklep spożywczy, a po drugiej stronie ulicy rozciąga się Ogród Jordanowski, przedłużony Parkiem Dreszera. W bezpośrednim otoczeniu znajduje się wiele kultowych restauracji i kawiarni, a także najlepszy kebab w mieście. Stan prawny - pełna własność, bez obciążeń, uregulowane grunty.Mieszkanie dostępne od zaraz, termin wydania do uzgodnienia.Agencjom i pośrednikom dziękuję.",https://gratka.pl/nieruchomosci/apartament-pod-klucz-na-starym-mokotowie-metro-raclawicka-bezposrednio/oi/34424163
6,"Mieszkanie Warszawa Ochota, ul. Racławicka","Warszawa, Ochota, mazowieckie","62,50 m2",2,1,1997,6 dni temu,ponad miesiąc temu,995 000 zł,15 920 zł/m2,"Na sprzedaż przestronne mieszkanie o powierzchni 62m2, składające się z salonu z wyjściem na balkon, sypialni, oddzielnej kuchni oraz łazienki. Położone na pierwszym piętrze w budynku wybudowanym w 1997 roku. Do mieszkania przynależy pomieszczenie komórki lokatorskiej na poddaszu budynku. Nieruchomość oferuje również dodatkowe udogodnienia w postaci miejsca postojowego w garażu podziemnym *dodatkowo płatne 35000 zł). Mieszkanie, choć wymaga niedużego remontu, posiada wiele zalet. Jego zachodnia ekspozycja sprawia, że wnętrza są oświetlone naturalnym światłem przez większość dnia, co tworzy przyjemną atmosferę. Ponadto, układ pomieszczeń jest funkcjonalny i umożliwia swobodną aranżację przestrzeni zgodnie z preferencjami przyszłego właściciela. Lokalizacja na granicy Ochoty i Mokotowa jest niezwykle korzystna dla osób ceniących szybki i wygodny dostęp do Centrum Warszawy. W najbliższej okolicy znajduje się również bogata infrastruktura handlowo-usługowa, z licznymi sklepami i aptekami, co znacznie ułatwia codzienne życie mieszkańcom. W bezpośrednim sąsiedztwie oferowanego mieszkania znajdują się parki, stanowiące doskonałe miejsce do rekreacji i relaksu. Parki Wyględów czy Forty Korotyńskiego to oaza zieleni w gęsto zaludnionym mieście, zapewniająca możliwość ucieczki od miejskiego zgiełku i odprężenia wśród przyrody. Nasza oferta to doskonała propozycja dla tych, którzy poszukują nieruchomości, którą mogą dostosować do swoich własnych potrzeb i preferencji, przy jednoczesnym zapewnieniu dogodnej lokalizacji oraz komfortu codziennego życia. ​​​​​​Łatwy i dobry dojazd z Grójeckiej lub Żwirki i Wigury. W pobliżu lotnisko, Szpital na Banacha, Akademia Medyczna, szkoły, przedszkola, basen, liczne sklepy, Żabka, Biedronka,  tereny z dużą ilością zieleni (Park Forty Korotyńskiego).Pośrednik odpowiedzialny zawodowo za wykonanie umowy pośrednictwa:  (licencja nr: 24900)",https://gratka.pl/nieruchomosci/mieszkanie-warszawa-ochota-ul-raclawicka/ob/33602719
7,"Mieszkanie Warszawa Ursynów, ul. Jana Żabińskiego","Warszawa, Ursynów, mazowieckie","130,50 m2",4,1,1985,ponad miesiąc temu,ponad pół roku temu,1 699 000 zł,"13 019,16 zł/m2","LEX NIERUCHOMOŚCI MARTA KOSMOWSKA TEL.+48...pokaż numerSzanowni Zainteresowani klienci, mamy do zaoferowania Państwu mieszkanie, które pod każdym względem odbiega poziomem od innych ofert w tej grupie cenowej . Po otwarciu drzwi wejściowych od pierwszych minut pobytu widać, że mieszkanie nie należało do ""byle kogo"" - wykończony drewnem dębowym każdy kawałek przestrzeni . Ilość wykonanych ze szlachetnego drewna na wymiar szaf, szafek , szafeczek , regałów książkowych  , w tym przeczytanych stanowi książek stanowi absolutny unikat . W mieszkaniu znajdują się 2 duże garderoby ,  cały przedpokój zabudowany szafami. Podłogi i parkiety wykonane z unikatowych materiałów. Sprzęt AGD na miarę pozostałej części niezwykle funkcjonalnego i praktycznego apartamentu za unikatową cenę.  Mieszkanie 4 pokojowe o pow. 130,50 m z balkonem , znajduje się na 1 piętrze czteropiętrowego bardzo kameralnego budynku z 1985 roku , tylko 2 mieszkaniami na piętrze . Duża przestronna kuchnia z jadalnią , 2 łazienki w tym jedna z WC plus osobno WC. Klimatyzacja. W dwóch pokojach duże garderoby . Do mieszkania przynależy piwnica ok. 6 m.. Czynsz w kwocie 1.490,71 zł, części składowe czynszu:Eksploatacja podstawowa- 344,52 złFundusz remontowy - 195,75 zł Opłata za wodę na potrzeby nieruchomości - zaliczka - 2,29 zł Wodomierz+ wymiana 6,64 zł Odczyt wodomierza - 1,64 złOdpis na fundusz remontowy - mienie spółdzielni - 20,02 zł Centralne ogrzewanie- 423,69 złPodgrzanie wody licznik- zaliczka- 192,40 zł Woda i kanalizacja licznik- zaliczka -130,45 zł Wywóz nieczystości - 85 złEnergia elektryczna - 15,66 zł Podatek od nieruchomości - 16,97 złWieczyste użytkowanie gruntu- teren wspólny - 41,76 zł Podatek od nieruchomości - teren wspólny - 3,92 zł.Mieszkanie spółdzielczo-własnościowe bez księgi wieczystej ale z możliwością jej założenia.Budynek jest położony jest wśród bardzo różnorodnej zieleni , którą stanowią dojrzałe bardzo ładne drzewa . Całość tworzy bardzo kameralny, relaksacyjny nastrój. W miejscach przyległych do budynku znajduje się bardzo dużo wolnych miejsc parkingowych , o każdej porze doby i we wszystkie dni tygodnia.Blisko metra Natolin Z uwagi na metro Natolin ( 200 m)  i inne środki komunikacji miejskiej mieszkanie jest wyjątkowo dobrze skomunikowane z pozostałą częścią miasta . Przystanki autobusowe:- Raabego (170 m)Autobus: 166,192- Metro Natolin (260 m)Autobus: 166,179,192,195- Małcużyńskiego (300 m)Autobus: 179,192- Lanciego (390 m)Autobus: 166,179,195- Przy Bażantarni (430 m)Autobus: 166,192W pobliżu znajduje się Galeria Handlowa , punkty Usługowe, Medyczne i Oświatowe , punkty ułatwiające nadawanie i odbieranie przesyłek . Cena sprzedaży 1.699.000 PLN .Jakobiuro nieruchomości pobieramy prowizję.Niniejszeogłoszenie jest wyłącznie informacją i nie stanowi oferty w rozumieniu art. 66? 1 Kodeksu Cywilnego. Autorskieprawa majątkowe do fotografii nieruchomości przysługują wyłącznie firmie : LEXNIERUCHOMOŚCI MARTA KOSMOWSKA. Kopiowanie, przetwarzanie, rozpowszechnianiefotografii bez zgody LEX NIERUCHOMOŚCI MARTA KOSMOWSKA jest zabronione i będzietraktowane jako naruszenie ustawy z dnia 4 lutego 1994 r. o prawie autorskim iprawach pokrewnychW okolicy:apteka,autobus,centrum handlowe,miasto,niska zabudowa,park,plac zabaw,poczta,policja,przedszkole,przychodnia,sklep spożywczy,spokojna okolica,supermarket,szkoła,uczelnia,żłobek,Oferta wysłana z systemu SzybkoPlus.",https://gratka.pl/nieruchomosci/mieszkanie-warszawa-ursynow-ul-jana-zabinskiego/ob/31891563
8,"Mieszkanie Wrocław Grabiszyn-Grabiszynek, ul. Żelazna","Wrocław, Grabiszyn-Grabiszynek, dolnośląskie",43 m2,2,3,2010,przedwczoraj,ponad tydzień temu,615 000 zł,"14 302,33 zł/m2","Na sprzedaż w pełni umeblowane, dwupokojowe mieszkanie. z balkonem w spokojnej, zielonej okolicy w centrum miasta. W najbliższej otoczeniu znajdują się sklepy, park i plac zabaw. Mieszkanie usytuowane jest od południowo-zachodniej strony budynku. Cena:599 000złnr oferty :12570/10630/OMSZAPRASZAM NA BEZPŁATNĄ PREZENTACJĘPrzy zakupie otrzymasz wsparcie w uzyskaniu finansowania na zakup nieruchomości.| Phone: +48...pokaż numerAgnieszka Brot-Szymkowiak  Specjalista ds. Sprzedaży NieruchomościAgencja UNITED Nieruchomości | ul. Młynarska 14/E | 51-116 Wrocław |Oferta wysłana z programu dla biur nieruchomości ASARI CRM (asaricrm.com)",https://gratka.pl/nieruchomosci/mieszkanie-wroclaw-grabiszyn-grabiszynek-ul-zelazna/ob/34479951
9,"Mieszkanie Warszawa Kamionek, ul. Żupnicza","Warszawa, Kamionek, mazowieckie","76,49 m2",3,1,2021,dziś,ponad miesiąc temu,1 290 000 zł,"16 864,95 zł/m2","Kupujący nie płaci prowizjiZapraszamy do odkrycia wyjątkowej nieruchomości znajdującej się na Kamionku, w prestiżowej inwestycji Praga Arte (2021 r.) od dewelopera ROBYG. Ten adres - ul. Żupniczej 25 - to więcej niż miejsce do życia; to idealna przestrzeń dla par i rodzin, gdzie nowoczesny design spotyka się z komfortem i funkcjonalnością.Mieszkanie dla WymagającychRozkład tego trzypokojowego mieszkania o powierzchni 76,49m2 został starannie przemyślany, aby zapewnić maksymalny komfort i wygodę. Duży, gościnny przedpokój prowadzi do przestronnego salonu o powierzchni 30m2, który stanowi serce domu. Sypialnia i dodatkowy pokój do własnej aranżacji oferują prywatność i spokój. We wszystkich pokojach położona jest na podłodze deska barlinecka. Łazienka oraz dodatkowe, oddzielne WC oraz funkcjonalna loggia o powierzchni 6,7m2 dodają mieszkania dodatkowego uroku.Komfort i Praktyczność na Wyciągnięcie RękiWielkim atutem jest komórka lokatorska na tym samym piętrze, tuż przy mieszkaniu, oraz miejsce postojowe w garażu podziemnym (dodatkowo płatne). To wygodne rozwiązania, które na pewno docenisz. W mieszkaniu znajduje się również system inteligentnego domu keemple - nowe urządzenia takie jak czujnik ruchu, kontroler multimediów, inteligentne głowice termostatyczne czekają na konfiguracje!Lokalizacja, która InspirujeKamionek na Pradze jest dynamicznie rozwijającą się częścią miasta, gdzie nowe inwestycje tworzą nowoczesną przestrzeń do życia. Bliskość punktów komunikacyjnych umożliwia szybki dostęp do innych części Warszawy - od centrum dzieli nas zaledwie 5 kilometrów. Do Dworca Wschodniego dojdziemy pieszo, a stamtąd dojazd do stacji Warszawa Śródmieście, to już kwestia kilku minut. Dodatkowo w odległości 300 metrów powstanie metro - stacja Mińska.Dwustronna Ekspozycja, Wysokie SufityDwustronna ekspozycja mieszkania zapewnia optymalne doświetlenie i pozwala cieszyć się słońcem przez cały dzień. Salon z ekspozycją na północ staje się idealnym miejscem do relaksu, natomiast pokoje z ekspozycją południową gwarantują ciepło i światło, idealne do pracy czy odpoczynku. Wysokość pomieszczeń to 280cm.Praga Arte - Miejsce Stworzone z PasjąInwestycja Praga Arte to miejsce, które spełnia najwyższe standardy życia miejskiego, oferując mieszkańcom nie tylko luksusowe wnętrza, ale także przemyślaną architekturę i funkcjonalność przestrzeni wspólnych. Jeśli szukasz mieszkania, które połączy w sobie styl, przestrzeń i doskonałą lokalizację, Praga Arte na ul. Żupniczej 25 będzie idealnym wyborem.Zapraszamy do kontaktu i umówienia się na prezentację, by na własne oczy przekonać się o wyjątkowości tej nieruchomości.",https://gratka.pl/nieruchomosci/mieszkanie-warszawa-kamionek-ul-zupnicza/ob/34268773
10,** 3pokojowe Mieszkanie - 2 piętro - Metro Płocka **,"Warszawa, Wola, mazowieckie",62 m2,3,2,2017,dziś,przedwczoraj,1 390 000 zł,"22 419,35 zł/m2","Zapraszam do zapoznania się z ofertą sprzedaży 3pokojowego mieszkania, położonego w świetnym punkcie na warszawskiej Woli tuż przy stacji Metra „Płocka”. Mieszkanie położone jest na drugim piętrze, posiada duże przeszklenia na całej ścianie południowej co wyróżnia je z pośród ofert dostępnych na rynku. Do dyspozycji mieszkańców w okolicy są liczne tereny zielone takie jak chociażby Park Szymańskiego, punkty handlowo-usługowe, przystanki autobusowe i tramwajowe zaledwie 2 minuty od apartamentu. Mieszkanie jest częściowo wykończone posiada zabudowę kuchenną ze sprzętem AGD, w pełni funkcjonalną toaletę oraz łazienkę, na podłodze znajdują się panele winylowe wysokiej jakości, a ponadto w lokalu została zainstalowana klimatyzacja.  Na powierzchni 62 m² mamy do dyspozycji: - salon (35 m²) - pokój (6,50m²) - sypialnia ( 9.40m²) - łazienka z prysznicem (4.50 m²)- WC (2.70 m²) - garderoba (4,20 m²) Do mieszkania przynależy:  Komórka lokatorska w cenie 20 000 złMiejsce postojowe w hali garażowej w cenie 50 000 zł Chętnie odpowiem na wszelkie pytania!Zapraszam do kontaktu!Tel. 508 199 940",https://gratka.pl/nieruchomosci/3pokojowe-mieszkanie-2-pietro-metro-plocka/oi/34559205
11,Mieszkanie Warszawa Praga-Południe,"Warszawa, Praga-Południe, mazowieckie","62,20 m2",4,parter,2012,wczoraj,ponad dwa tygodnie temu,1 150 000 zł,"18 488,75 zł/m2","LEXNIERUCHOMOŚCI MARTA KOSMOWSKA TEL +48...pokaż numerMamyprzyjemność zaprezentować Państwu mieszkanie kompletnie wyposażone we wszystkieniezbędny sprzęty RTV i AGD o bardzo ciekawej architekturze, rozkładzie ipołożeniu. Mieszkanie wraz z miejscem postojowym w garażu zostało przekazane doużytku w 2012 roku. Składa się z 4 pokoi, aneksu kuchennego i 2 łazienek z WC o łącznejpowierzchni 62,20 m. Do mieszkania przynależny bardzo urokliwyogródek i pięknie utrzymany opowierzchni 73 m. Wysokość mieszkanie - 3 m, na podłodzedeska dębowa. Mieszkanie zlokalizowane na parterze 2piętrowym bloku , który był inwestycjąCity Villa z Warszawy, natomiast jego projekt powstał w pracowni OstrowscyArchitekci z Katowic. Ułatwione wejście do budynku dla osób niepełnosprawnych ,z uwagi na brak schodów. Budynek kameralny, jednoklatkowy, ilość mieszkań-14.Mieszkanie może być przekształcone w lokal użytkowy bądźmożna w prosty sposób podzielić je na 2 niezależne mieszkania uwzględniającaktualne ceny na warszawskim Rynku Nieruchomości . Jego położenie i możliwościadaptacyjne uwzględniając jego położenie , bardzo duże możliwości adaptacyjne izachęcającą cenę , jesteśmy przekonani , że nasza oferta zainteresuje Państwa .W pobliżu znajdują się Placówki Usługowe, punkty usługowe z branży motoryzacyjnej, Handlowe m.in. Auchan, i Edukacyjne (żłobek, przedszkole, liceum) , komunikacja w postaci SKM, autobusy i tramwaje :- GocławekWschodni (150 m)Autobus:188,202- Cukrownicza(300 m)Autobus:188,202- PKPGocławek (350 m)Autobus:143,145,173,183,225,245,N02,N21,N24,N25,   N71- Gocławek(430 m)Tramwaj:3,6,9,24Autobus:125,142,143,145,173,183,245,521,702,704,   720,722,730,N21,N24,N71- Płowiecka(450 m)Autobus:125,142,143,145,173,183,225,245,402,502,   514,520,521,525,702,704,720,722,730,N02,   N21,N22,N24N25,N71.Mieszkaniewłasnościowe x KW, czynsz w kwocie 1286,84 zł, części składowe czynszu:Zaliczka nakoszty utrzymania nieruchomości wspólnej-335,88 złFunduszremontowy-334,88 złCentralneogrzewanie-zmienne- 61,19 złPodgrzaniewody-opłata zmienna-191,03 złMiejscegarażowe-48 złZimna woda iodprowadzanie ścieków-201,24 złPodgrzaniewody-8,71 złCentralneogrzewanie-opłata stała-19,90 złWywóznieczystości-85 złCenasprzedaży lokalu 1.150.000 PLN plusmiejsce postojowe 50.000 PLN .Niniejszeogłoszenie jest wyłącznie informacją i nie stanowi oferty w rozumieniu art. 66? 1 Kodeksu Cywilnego. Autorskieprawa majątkowe do fotografii nieruchomości przysługują wyłącznie firmie : LEXNIERUCHOMOŚCI MARTA KOSMOWSKA. Kopiowanie, przetwarzanie, rozpowszechnianiefotografii bez zgody LEX NIERUCHOMOŚCI MARTA KOSMOWSKA jest zabronione i będzietraktowane jako naruszenie ustawy z dnia 4 lutego 1994 r. o prawie autorskim iprawach pokrewnychJako biuronieruchomości pobieramy prowizję-wynagrodzenie.W okolicy:apteka,autobus,centrum handlowe,kolej,miasto,niska zabudowa,park,plac zabaw,poczta,policja,przedszkole,przycho   dnia,sklep spożywczy,spokojna okolica,supermarket,szkoła,tramwaj,żłobe   k,.",https://gratka.pl/nieruchomosci/mieszkanie-warszawa-praga-poludnie/ob/34426585
12,"Mieszkanie Warszawa Ursus, ul. Orląt Lwowskich","Warszawa, Ursus, mazowieckie","57,90 m2",4,4,1977,wczoraj,ponad miesiąc temu,790 000 zł,"13 644,21 zł/m2","LEXNIERUCHOMOŚCI MARTA KOSMOWSKA TEL +48...pokaż numerMamyprzyjemność zaoferować Państwu wyjątkowe, jasne i ustawne mieszkania położonena warszawskim Ursusie na Osiedlu Niedźwiadek .Wyrażamyprzekonanie na bazie doświadczeń i porównań, że jak na obecne warunkiekonomiczne na rynku nieruchomościowym , oferta ta jest wyjątkowo atrakcyjna izachęcająca . Polecamy ją szczególnie tym , którzy oczekują mieszkania w dobrejlokalizacji , w spokojnej okolicy i w dobrym standardzie.Mieszkanie Zlokalizowanena 4 piętrze w 4 piętrowym bloku z 1977 roku . Mieszkanie posiada 3 pokoje odstrony południowej, kuchnię i czwarty pokój od strony północnej. . Zarówno samomieszkanie , jak i otoczenie tworzy bardzo przyjazny klimat dla rodzinnegofunkcjonowania. Mieszanie ma 57,90m powierzchni , na które składają się :- salon - 15m2 (wyjście na balkon) - sypialniaprzy salonie - 10 m2 - sypialnianr 2 - 10 m2 - sypialnianr 3 - 9 m2- kuchni -7,4 m2 - przedpokój- toaleta - osobnałazienkaDo mieszkaniaprzynależy spora piwnica .Do dyspozycji mieszkańców jest rowerownia/wózkownia wpiwnicy .Mieszkaniegotowe do zamieszkania. Każdasypialnia jest wyposażona w głęboką szafę wnękową. Przemyślanyukład pomieszczeń oraz ich aranżacja, spójne kolorystycznie, ciepłeponadczasowe barwy. W mieszkaniuzostały wymienione wszystkie instalacje (wodno-kanalizacyjne, gazowa,elektryczna) Budynekznajduje się w drugiej linii od ulicy, co zapewnia ciszę - nie słychać ruchuulicznego. Okna wychodząna teren zielony - trawniki i drzewa. 4 piętro pozwala się cieszyć zarówno zieleniąkoron drzew jak i dużą ilością światła. Budynek jestw dobrze ocieplony i wyciszony. Ogrzewaniemiejskie. Bardzospokojna okolica, mili sąsiedzi.Budynekpołożony jest na spokojnym osiedlu z niskimi, 4-piętrowymi blokami. Wokół jestdużo zieleni. Mieszkaniejest wspaniale zlokalizowane - w bezpośredniej bliskości (3 min) jest stacjaSKM i KM Ursus Niedźwiadek (dojazd do centrum 15 minut). przystanki autobusowe:- Bełzy (220m)Autobus:187,194- Keniga (220m)Autobus:187,194,197,401,517,N35,N85- PKP Ursus-Niedźwiadek(260 m)Autobus:177,187,194,197,207,401,517,N35,N85- OrlątLwowskich (490 m)Autobus:194,197,401,517,N35,N85- Prażmowska(500 m)Autobus:178,N35,N85(177 - dojazd do metra Bemowo,207-bezpośrednie połączenie z centrum Skorosze, 187 - Mokotów, DolinkaSłużewiecka, 401 - przyspieszona linia do Galerii Mokotów 30 min, 194 -kierunek Wola). - Bliskiwjazd na autostrady S8, S2. - W planachbudowa stacji metra. - Wokółbudynku jest sporo miejsc parkingowych, dodatkowo miasto otworzyło w pobliżuduży parking ogólnodostępny. - Wodległości 350m jest 4 poziomowy parking P+R. - W pobliżujest położony bazarek z wieloma stoiskami warzywnymi, mięsnymi, barami. - Tuż obokjest basen oraz duża przestrzeń rekreacyjna dla dzieci i dorosłych : parklinowy, boisko, skate park itd, liczne trasy rowerowe. W pobliżuszkoły, przedszkola, żłobki, poczta, sklepy (Lidl, Biedronka, Żabka) poczta ikościół. Czynsz wkwocie 1057,23 zł , części składowe:1.Eksploatacja - 144,75 zł2.Konserwacja domofonu - 2,10 zł3.Konserwacja i naprawy bieżące - 14,48 zł 4. Funduszremontowy podstawowy - 115,80 zł5. Funduszremontowy na legalizację lub wymianę wodomierzy - 4,10 zł6. Funduszremontowy na przeglądy techniczne - 3,47 zł7. Podatek odnieruchomości - 8,85 zł8. Zaliczka -woda i kanalizacja 174,08 zł9. Zaliczka - na koszty podgrzania wody - 211,05zł10. Opłata zagospodarowanie odpadami komunalnymi - 85 zł11. Zaliczka- opłata stała energii cieplnej - 68,32 zł12. Zaliczka- opłata zmienna centralne ogrzewanie -214,81 zł13. Energiaelektryczna części wspólnych - 10,42 zł -Mieszkanie spółdzielczo własnościowe z możliwościązałożenia księgi wieczystej, grunty uregulowane.Osiedle jestbardzo zadbane , estetyczne i funkcjonalne m.in. poprzez plac zabaw dla dzieci.W pobliżuznajdują się Placówki Oświatowe, Punkty Opieki Medycznej , jak i CentraHandlowe m.in. Galeria Handlowa WIATRACZNA i jeden z najładniejszych parków w Warszawie: Park Skaryszewski .Komunikacyjniemieszkanie jest wzorcowo skomunikowane zarówno w kierunku wschód , zachód , jaki [północ , południe . W okolicy stacja PKP (300 m) , przystanki autobusowe :- PKPUrsus-Niedźwiadek (300 m)Autobus: 187,194,197,401,517,N35,N85- Keniga (300m)Autobus: 187,194,197,401,517,N35,N85- OrlątLwowskich (400 m)Autobus: 194,197,401,517,N35,N85- Bełzy (450m)Autobus: 187,194- WładysławaHermana (650 m)Autobus: 187,194,716,N35Cenasprzedaży lokalu 790.000 PLN .Niniejszeogłoszenie jest wyłącznie informacją i nie stanowi oferty w rozumieniu art. 66? 1 Kodeksu Cywilnego. Autorskieprawa majątkowe do fotografii nieruchomości przysługują wyłącznie firmie : LEXNIERUCHOMOŚCI MARTA KOSMOWSKA. Kopiowanie, przetwarzanie, rozpowszechnianiefotografii bez zgody LEX NIERUCHOMOŚCI MARTA KOSMOWSKA jest zabronione i będzietraktowane jako naruszenie ustawy z dnia 4 lutego 1994 r. o prawie autorskim iprawach pokrewnychJako biuronieruchomości pobieramy prowizję-wynagrodzenieW okolicy:apteka,autobus,centrum handlowe,kolej,miasto,niska zabudowa,plac zabaw,poczta,policja,przedszkole,przychodnia,sklep spożywczy,spokojna okolica,supermarket,szkoła,żłobek,Oferta wysłana z systemu SzybkoPlus.",https://gratka.pl/nieruchomosci/mieszkanie-warszawa-ursus-ul-orlat-lwowskich/ob/33933275
13,"Mieszkanie Warszawa Wola, ul. Kasprzaka","Warszawa, Wola, mazowieckie","82,80 m2",4,4,2016,ponad miesiąc temu,ponad miesiąc temu,1 865 000 zł,"22 524,15 zł/m2","--LEX NIERUCHOMOŚCI MARTA KOSMOWSKATEL. +48...pokaż numerOferujemy Państwu mieszkanie położone w bardzo nowoczesnym icoraz modniejszym punkcie Warszawy , znajdującym się przy ul. Kasprzaka .Niestandardowa architektura , bardzo ciekawa kolorystyka budynków wzbudzającoraz większe zainteresowanie klientów . Ilość notowany transakcji kupna,sprzedaży i wynajmu jest dowodem na bardzo duże zainteresowanie klientów.Mieszkania w całym osiedlu są otoczone przestrzenią zieloną , są urządzoneenklawy zieleni i punkty wypoczynku oraz place dla potrzeb zabaw i sportu.Znakomite rozwiązania komunikacyjne : metro, tramwaje i autobusy umożliwiająszybką komunikację zarówno w kierunkach wschód , zachód , jak i północ ,południe, umożliwiając szybki dojazd do i z Centrum Miasta.Mieszkanie zlokalizowane na 4 piętrzew 6 piętrowym bloku z 2016 roku , w strzeżonym osiedlu z 2 balkonami (6,29 m,6,18 m) , z 2 miejscami postojowymi w garażu podziemnym. Mieszkanie 4 pokojowe 82,80 m składa się z:salonu połączonego z kuchnią - 28,07m3 sypialni: 14,19 m, 9,88 m, 8,46 młazienki z WC - 6,23 mosobnego WC - 1,90 mprzedpokoju - 14,07 m. Wysokość mieszkania 2,70 m . Czynsz w kwocie 1128,21 zł , częściskładowe:Lokal:C.P.II infrastruktura sportowo -rekreacyjna - lokal mieszkalny - 2,48 złC.P. infrastruktura sportowo -rekreacyjna - lokal mieszkalny - 3,31 złFundusz remontowy - lokal mieszkalny-4,14 złMedia - nieruchomość wspólna - lokal -30,64 złZarządzanie i administrowanienieruchomością wspólną - l. mieszkalny - 70,38 złPodgrzew wody wg. średniego zużycia zlicznika - lok. mieszkalny - 215,34 złKonserwacja i przeglądy urządzeń cz.wspól.- l. mieszk. - 57,13 złOchrona cz. wspólnej - l. mieszkalny -57,96 złCentralne ogrzewanie - l. mieszkalny -218,59 złPozostałe koszty cz. wspólnej - l.mieszkalny - 8,28 złUtrzymanie czystości cz. wspólnej - l.mieszkalny - 43,06 złUbezpieczenie cz. wspólnej - l.mieszkalny - 5,80 złZ.w. i ścieki wg średniego zużycia zlicznika - l. mieszkalny - 176,14 złFundusz uzasadnione inwestycje - l.mieszkalny- 4,14 złWywóz nieczystości - od gospodarstwadomowego - 85 złGaraż :C.P.II infrastruktura sportowo -rekreacyjna - garaż - 1,56 złCP. Infrastruktura sportowo -rekreacyjna - garaż - 2,10 złFundusz remontowy - 2,64 złMedia - nieruchomość wspólna - garaż -19,44 złZarządzanie nieruchomością wspólna - 8złKonserwacja i przeglądy urządzeń cz.wspólnej - garaż - 36,30 złOchrona cz. wspólnej - garaż - 36,84złPozostałe koszty cz. wspólnej - garaż- 5,28 złUtrzymanie czystości cz. wspólnej -garaż - 27,36 złUbezpieczenie cz. wspólnej - garaż -3,66 złFundusz uzasadniona inwestycja - garaż- 2,64 złMieszkanie własnościowe z KW.Osiedle jest bardzo zadbane ,estetyczne i funkcjonalne m.in. poprzez plac zabaw dla dzieci . Na terenie osiedla zielone patio,blisko do placu zabaw, w sąsiedztwie boisko i siłownia plenerowa. W bliskiej odległości Biedronki,liczne sklepy i usługi, Parki Szymańskiego, Sowińskiego, liczne przedszkola iżłobki.Szybki wyjazd na obwodnice Warszawy,blisko do CH Blue City, do Metra Młynów dojazd w 5 minut .W pobliżu Parków: Józefa Sowińskiego(740 m), Edwarda Szymańskiego (890 m), przystanków autobusowych: -PKP Wola (Kasprzaka) (200 m), - Ordona (300 m), - Parafialna (340 m), - Elekcyjna 540 m), - Wolska (540 m): linie: 105, 109,136, 154, 155, 167, 171, 178, 184, 186, 190, 197, 255, 414, 523, N42, N43; tramwajowych: - Elekcyjna, Wolska: linie: 10, 11,13, 26, 27; dworca PKP Warszawa Zachodnia (950 m),metra Płocka (950 m). Cena sprzedażymieszkania 1865.000 PLN plus 70.000 PLN za każde miejsce postojowe w garażupodziemnym.Niniejsze ogłoszenie jest wyłącznieinformacją i nie stanowi oferty w rozumieniu art. 66 ? 1 Kodeksu Cywilnego. Autorskie prawa majątkowe dofotografii nieruchomości przysługują wyłącznie firmie : LEX NIERUCHOMOŚCI MARTAKOSMOWSKA. Kopiowanie, przetwarzanie, rozpowszechnianie fotografii bez zgodyLEX NIERUCHOMOŚCI MARTA KOSMOWSKA jest zabronione i będzie traktowane jakonaruszenie ustawy z dnia 4 lutego 1994 r. o prawie autorskim i prawachpokrewnychJako biuro nieruchomości pobieramyprowizję-wynagrodzenieW okolicy:apteka,autobus,centrum handlowe,kolej,miasto,plac zabaw,przedszkole,sklep spożywczy,spokojna okolica,supermarket,szkoła,tramwaj,Oferta wysłana z systemu SzybkoPlus.",https://gratka.pl/nieruchomosci/mieszkanie-warszawa-wola-ul-kasprzaka/ob/33909937
14,Sprzedam 4 pokojowe Mokotów ul. Odyńca,"Warszawa, Górny Mokotów, mazowieckie",1 350 zł,92 m2,4,1955,przedwczoraj,ponad miesiąc temu,1 540 000 zł,"16 739,13 zł/m2","Sprzedam mieszkanie o powierzchni 92 m2 składające się z 4 pokoi, kuchni, łazienki, garderoby. Posiada piwnicę. 4 piętro z windą. Budynek z lat 50, samo mieszkanie zbudowane w latach 90 jako nadbudowa. Budynek po wszelkich remontach, zadbany, wszystkie media miejskie. Mieszkanie hipoteczne z udziałem w gruncie. Jest księga wieczysta. Świetny punkt komunikacyjny, 200m Metro Racławicka, przystanek autobusowy pod budynkiem. Róg Odyńca i Al. Niepodległości.Istnieje możliwość dokupienia działki pracowniczej w Rodzinnych Ogródkach Działkowych 150 m od wejścia do domu. Zapraszam klientów bezpośrednich. +48...pokaż numer",https://gratka.pl/nieruchomosci/sprzedam-4-pokojowe-mokotow-ul-odynca/oi/33222173
15,Nowe mieszkanie Warszawa,"Warszawa, mazowieckie","134,60 m2",4,1,NULL,ponad miesiąc temu,ponad pół roku temu,1 144 100 zł,8 500 zł/m2,Data zakończenia 01.10.2024,https://gratka.pl/nieruchomosci/nowe-mieszkanie-warszawa/ob/31379051
16,Nowe mieszkanie Gdańsk Śródmieście,"Gdańsk, Śródmieście, pomorskie","26,28 m2",1,1,2023,wczoraj,przedwczoraj,406 000 zł,"15 449,01 zł/m2","DRZWI OTWARTE 17-18.05 w godzinach 9-18 w piątek oraz 9-15 w sobotę - zarezerwuj swój termin już dzisiaj - w dni otwarte przygotowane będą dodatkowe RABATY na wszystkie mieszkania oraz miejsca postojowe w Hali Garażowej lub na terenie osiedla (wybierz mieszkanie już dzisiaj i podpisz umowę w piątek/sobotę)          *Obowiązują zapisy na spotkania, ze względu na duże zainteresowanie i ograniczoną liczbę bonusów !IDEALNE MIESZKANIA POD ZAKUP INWESTYCYJNY w samym Centrum Gdańska!MOŻLIWOŚĆ ODLICZENIA VATU! Także przy zakupie jako osoba fizyczna - pomagamy w procedurze!Zapytaj o indywidualną ofertę dla Inwestora! W przypadku zakupu większej ilości mieszkań MOŻLIWOŚĆ PREFERENCYJNYCH WARUNKÓW CENOWYCH !PROMOCYJNA cena netto: 330 620 PLN          +23%VAT (możliwość odliczenia) = 406 000 PLN bruttoW ofercie posiadamy mieszkania z rynku pierwotnego, bez prowizji pośrednika i bez podatku PCC.Możliwość obejrzenia przykładowych mieszkań na południu Gdańska na żywo od poniedziałku do soboty. Duże rabaty i najniższe ceny w całej okolicy. Możliwy kontakt g. 8-21.Dlaczego ta inwestycja?          1. Możliwość spaceru na Starówkę (Wyspa Spichrzów oraz fontanna Neptuna);          2. Widok z okien na Motławę = większa atrakcyjność inwestycji pod katem wynajmu długo- jak i krótko-terminowego;          3. Świetna lokalizacja w samym Centrum Gdańska (5min dojazd do Starówki)          4. Łatwy dojazd w każde miejsce Trójmiasta = rozbudowana sieć komunikacji miejskiej:          a. 11 linii tramwajowych oraz autobusowych;          b. Wiele przystanków;          c. 3 stacje kolejowe w odległości 12minut drogi samochodem: Gdańsk ŚRÓDMIEŚCIE + GŁÓWNY + STOCZNIA;          d. Terminal promowy;          5. Zabezpieczenie przed podwyżkami oraz utratą wartości pieniądza;          6. 0 zł PCC + 0 zł PROWIZJA = oszczędności już na pierwszym etapie inwestycji!;          7. Możliwość dojazdu do szerokiej plaży nad Zatoką Gdańską rowerem w niecałe 20minut;Dodatkowe atuty lokalizacji:          - trasy ułatwiające poruszanie się po Gdańsku jak i poza: DW501 (do Krynicy Morskiej), DK89 (do Westerplatte)          - parki: Siennicki - 400m; nad opływem Motławy - 500m;          - przystań wioślarska i siłownia w okolicy;          - 5min od Forum Gdańsk (centrum handlowe);          - 400m do najbliższych sklepów, w okolicy także większe supermarkety jak Lidl;          - EDUKACJA: żłobki, przedszkola (już od 900m), &gt;10 szkół podstawowych w promieniu 3km, Liceum obok inwestycji, łatwe dojazdy do uczelni (Akademia Muzyczna - 20min pieszo; ASP - ok. 2,5km; Politechnika Gdańska - ok. 4km; GUM - ok. 6km, UG - ok. 11km).Ogłoszeniodawcą jest Informacja Deweloperska Sp. z o.o. 5272926116, współpracująca z wieloma deweloperami w całej Polsce. Kupujący nie jest obciążany prowizją jak również dodatkowymi kosztami, pomagamy, negocjować i kupić lokal mieszkalny w najniższej możliwej cenie w danym momencie.Treść niniejszego ogłoszenia nie stanowi oferty handlowej w rozumieniu Kodeksu Cywilnego..",https://gratka.pl/nieruchomosci/nowe-mieszkanie-gdansk-srodmiescie/ob/34559471
17,Nowe mieszkanie Gdańsk,"Gdańsk, pomorskie","50,85 m2",3,1,2024,wczoraj,ponad tydzień temu,480 440 zł,"9 448,18 zł/m2","Biuro sprzedaży nowych mieszkań, brak prowizji i podatku PCC.Możliwość spotkania + obejrzenia przykładowych rozkładów na żywo od poniedziałku do soboty. Możliwy kontakt g. 8-21.LOKALIZACJA:          - 15 min od Centrum          - W pobliżu Osiedla linia autobusowa          - wyjazd na trójmiejska obwodnicę           - Pełna infrastruktura usługowo - handlowa (Lidl, Rossman, sklepy osiedlowe, piekarnia, siłownia)          - stacja kolejowa Gdańsk LipceWYSOKI STANDARD OSIEDLA:          - Niski czynsz ok. 9 zł/m2 + pełna własność gruntu z Księgą Wieczystą          - Winda z poziomu hali garażowej          - Dostępne miejsca parkingowe na terenie osiedla oraz w hali garażowej          - Mieszkania z ogródkami na parterzeInformacje techniczne:          - Spotkania odbywają się na inwestycji, podczas prezentacji możliwość obejrzenia kilku mieszkań          - Możliwa rezerwacja ustna na dwa dni robocze           - Kupujący nie ponosi dodatkowych opłat, gwarantujemy najniższe ceny zakupu          - Możliwa bezpłatna pomoc doradcy finansowegoTreść niniejszego ogłoszenia nie stanowi oferty handlowej w rozumieniu Kodeksu Cywilnego..",https://gratka.pl/nieruchomosci/nowe-mieszkanie-gdansk/ob/34493675
18,"Mieszkanie Sopot Wyścigi, ul. Władysława Łokietka","Sopot, Wyścigi, pomorskie","72,50 m2",2,1,2007,ponad miesiąc temu,ponad miesiąc temu,1 840 000 zł,"25 379,31 zł/m2","Lokalizacja:Sopot Wyścigi to cicha i spokojna dzielnica Sopotu, zlokalizowana blisko morza, a jednocześnie bardzo dobrze skomunikowana zarówno z Gdańskiem jak i Gdynią. W 10 min dojdziemy spacerem do piaszczystej plaży oraz stacji SKM- Wyścigi i Ergo Areny. Okolica ta charakteryzuje  się niską zabudową sopockich kamienic oraz nowymi zamkniętymi osiedlami apartamentowców. W niewielkiej odległości znajduje się park rekreacji i sportów o nazwie Sopockie Błonia.Budynek/osiedle:Apartamentowiec położony na prestiżowym, strzeżonym osiedlu Parkur II. Inwestycja Invest Komfort wykonane z użyciem solidnej jakości materiałów, zrealizowana w gustownym i eleganckim stylu, bogata w ciekawe elementy wykończenia. Sopocki Parkur w dzielnicy Sopot Wyścigi to strzeżone, kameralne osiedle, ulokowane niedaleko plaży. Na terenie obiektu znajduje się plac zabaw dla dzieci, sauna parowa oraz sucha, a także klimatyzowana sala fitness. Duża przestrzeń wspólna oraz wiele udogodnień dla mieszkańców tego kompleksu czynią to miejsce niezwykle wygodnym do życia.Apartament :Eleganckie, umeblowane dwupokojowe mieszkanie o funkcjonalnym rozkładzie usytuowane na  pierwszym piętrze. Przestronny salon z aneksem kuchennym(z oknem) oraz wyjściem na taras z widokiem na zieleń, dwie jasne łazienki (w tym jedna to salon kąpielowy), ustawna sypialnia oraz spinający całość hall z dużą ilością zabudów. Drzwi antywłamaniowe, okna drewniane. Mieszkanie o wysokim standardzie ze wszystkimi najpotrzebniejszymi sprzętami.  Do mieszkania przynależą dwa miejsca parkingowe, jedno w hali garażowej, a drugie naziemne. Dopełnieniem jest komórka lokatorska.Informacje finansowe :Dwa miejsca parkingowe oraz komórka lokatorska dodatkowo płatne 120 000 PLN.Przedstawione powyżej propozycje nie stanowią oferty handlowej w rozumieniu przepisów prawa, lecz mają charakter informacyjny. Wszelkie dane dotyczące nieruchomości uzyskano na podstawie oświadczeń właściciela.Zespół White Wood dokłada starań, aby każda z ofert była rzetelnie sprawdzona i aktualna.",https://gratka.pl/nieruchomosci/mieszkanie-sopot-wyscigi-ul-wladyslawa-lokietka/ob/32728583
19,"Nowe mieszkanie Warszawa Ursus, ul. Ryżowa 62","Warszawa, Ursus, mazowieckie","47,56 m2",2,3,NULL,dziś,ponad pół roku temu,Zapytaj o cenę,NULL,"Najważniejsze atuty  ✅ Bardzo dobre skomunikowanie z pozostałymi częściami Warszawy ✅ Sąsiedztwo CH Skorosze z szerokim wyborem sklepów, usług i restauracji, a także centrum outletowego Factory Ursus ✅ Bliskość terenów rekreacyjnych i obiektów sportowych ✅ Bogata oferta kulturalna w okolicy Osiedle przy Ryżowej w skrócie Inwestycja Osiedle przy Ryżowej to kompleks 6-piętrowych budynków o jasnej elewacji urozmaiconej balustradami w różnych kolorach oraz zastosowaną w przyziemiu mineralną płytką klinkierową. We wnętrzach użyto także materiałów wysokiej jakości jak laminaty, tapety i gres. W ramach osiedla zaplanowano także zieloną przestrzeń wspólną dla mieszkańców służącą relaksowi i rekreacji oraz plac zabaw dla dzieci. W częściach wspólnych zastosowano energooszczędne oświetlenie LED, a na osiedlu znajdą się także miejsca postojowe dla rowerów. Do każdego mieszkania przynależą balkony, tarasy, loggie lub ogródki, a w oknach lokali zastosowano ochronę antysmogową. Osiedle przy Ryżowej – lokalizacja Osiedle przy Ryżowej położone jest w warszawskiej dzielnicy Ursus, w miejscu zapewniającym dobrą komunikację z pozostałymi częściami stolicy, a także w bliskości centrów handlowych, punktów usługowych czy restauracji. Tereny zielone Osiedle przy Ryżowej oddalone jest o 3,4 km od Parku Czechowickiego. W odległości 4,1 km znajduje się OSiR Ursus, z basenem, kortami tenisowymi oraz boiskiem do piłki nożnej. Sklepy, punkty usługowe i gastronomiczne Osiedle sąsiaduje z centrum handlowym Skorosze, gdzie mieszczą się sklepy, punkty usługowe oraz restauracje. W odległości 1,8 km od inwestycji znajduje się Lidl, a o 750 metrów oddalona jest Biedronka. O 2,9 km oddalone jest centrum outletowe Factory Ursus, gdzie można kupić odzież w korzystnych cenach. W promieniu 400 metrów, przy Ryżowej znajdują się także liczne restauracje: Chata Polska, Bombay Dreams, Przystanek Ogień i Dym czy Portofino Ristorante Italiano. Dużo restauracji sieciowych można znaleźć także w CH Skorosze. Komunikacja i transport publiczny W odległości 130 metrów od Osiedla przy Ryżowej znajduje się przystanek autobusowy Prystora, z którego kursują linie 178 i 207. Bliskość Alej Jerozolimskich umożliwia sprawny dojazd samochodem do centrum Warszawy, a w 3 minuty można dojechać do trasy S8 i Południowej Obwodnicy Warszawy, które umożliwiają szybki wyjazd poza teren stolicy. Stacja kolejowa Warszawa Ursus znajduje się w odległości 2 km. Można z niej dojechać do centrum miasta w ok. 25 minut. Edukacja Najbliższe oddziały przedszkola Entliczek Pentliczek oddalone są od osiedla o 210 i 500 metrów. W promieniu niespełna 2 km od inwestycji znajdują się natomiast aż cztery szkoły podstawowe: publiczne oraz prywatne. Rezerwacja i płatność Wszystkie informacje dotyczące rezerwacji i płatności znajdą Państwo u dewelopera, polecamy kontakt przez formularz.",https://gratka.pl/nieruchomosci/nowe-mieszkanie-warszawa-ursus-ul-ryzowa-62/ob/33387201
20,"Nowe mieszkanie Warszawa Włochy, al. Jerozolimskie 190","Warszawa, Włochy, mazowieckie","60,31 m2",3,4,NULL,dziś,4 dni temu,Zapytaj o cenę,NULL,"Najważniejsze atuty  ✅ Osiedle zaprojektowane w duchu Bauhausu ✅ Ekologiczne rozwiązania zastosowane w inwestycji ✅ Lokale usługowe na parterze ✅ Garaż podziemny Osiedle przy Alejach w skrócie Inwestycja zaprojektowana w duchu Bauhausu, kierunku w architekturze i designie, odznaczającym się funkcjonalnością rozwiązań, prostotą oraz abstrakcyjnymi wzorami. Nowoczesny wygląd inwestycji Osiedle przy Alejach uzyskano dzięki przeszklonej elewacji od strony ulicy, a wnętrza ozdobione zostaną kolorowymi grafikami złożonymi z figur geometrycznych. Ekologiczne rozwiązania, jak zielone dachy oraz panele fotowoltaiczne pozwolą na obniżenie rachunków za energię zużywaną w częściach wspólnych inwestycji. Dla wygody mieszkańców w podziemiach zaprojektowano garaż, a na parterze znajdą się lokale usługowe. Osiedle przy Alejach – lokalizacja Inwestycja zlokalizowana jest przy Alejach Jerozolimskich, w najstarszej części dzielnicy Włochy. Dominuje tu niska, luźna zabudowa oraz sporo terenów zielonych, zapewniających odpoczynek wśród natury. W pobliżu znajduje się także rozbudowana infrastruktura, a dobrą komunikację z resztą Warszawy zapewniają Aleje Jerozolimskie oraz transport miejski. Tereny zielone W odległości 1,7 km znajduje się Park ze Stawami Cietrzewia, a 4,3 km dzieli mieszkańców inwestycji od Parku Szczęśliwickiego na Ochocie. Sklepy, punkty usługowe i gastronomiczne O 500 metrów oddalony jest sklep Makro, o 1,5 km sklep E.Leclerc, o 2,6 km – Biedronka, o 2,9 km – Lidl. W odległości 3,5 km znajduje się centrum handlowe Blue City, gdzie mieszczą się nie tylko sklepy, ale też restauracje, sala zabaw dla dzieci, centrum fitness i kino. O 3,8 km oddalony jest outlet odzieżowy Factory Ursus. W pobliżu znajdują się także m.in. restauracja Pizza Hut i z kuchnią azjatycką Orient Cook (500 m), KFC (1,9 km) czy Chili Bistro (1,6 km). Komunikacja i transport publiczny Z przystanku autobusowego Popularna oddalonego o 260 m odjeżdżają takie linie, jak: 187, 517, 717 i 817. W pobliżu znajduje się także stacja Szybkiej Kolei Miejskiej, pozwalającej sprawnie przejechać w inne części stolicy, a użytkownicy aut mogą szybko przemieszczać się dzięki pobliskim Alejom Jerozolimskim. Edukacja Najbliższe Przedszkole Niepubliczne Biały Miś znajduje się w odległości 1,2 km od inwestycji, a o 1,9 km oddalony jest Żłobek Anteczek. O 1,8 km oddalona jest Szkoła Podstawowa nr 94 im. I Marszałka Polski Józefa Piłsudskiego, a o 2 km – CLIX Liceum Ogólnokształcące im. Króla Jana III Sobieskiego. Rezerwacja i płatność Wszystkie informacje dotyczące rezerwacji i płatności znajdą Państwo u dewelopera, polecamy kontakt przez formularz.",https://gratka.pl/nieruchomosci/nowe-mieszkanie-warszawa-wlochy-al-jerozolimskie-190/ob/34542473
21,"Nowe mieszkanie Warszawa Praga-Południe, ul. Podskarbińska 32/34","Warszawa, Praga-Południe, mazowieckie","38,82 m2",2,3,NULL,wczoraj,ponad miesiąc temu,Zapytaj o cenę,NULL,"Aleje Praskie – najważniejsze atuty ✅ Atrakcyjne tereny zielone w sąsiedztwie.✅ Tężnia solankowa, aleje spacerowe na terenie osiedla✅ Dobre skomunikowanie z całym miastem.✅ Niska zabudowa i kameralność.✅ Funkcjonalne układy mieszkań✅ W pobliżu powstanie stacja metra Mińska✅ Atrakcyjna pod względem wynajmu inwestycjaW skrócie Aleje Praskie to wieloetapowa inwestycja realizowana z zastosowaniem najnowszych technologii i w trosce o ochronę środowiska. Budynki otrzymały międzynarodowy certyfikat w systemie BREEAM. Aktualnie wdrażany jest VI etap. Obejmuje on ofertę 156 mieszkań o powierzchni od 30 do blisko 100 m kw. Oferowane są zarówno kawalerki, jak i duże, 4-pokojowe lokale w sam raz dla rodzin z dziećmi. Każde z mieszkań posiada balkon lub własny ogródek. Sporym udogodnieniem dla osób dbających o klimat i posiadających samochody elektryczne będzie usytuowana w garażu ładowarka. Centralny punkt osiedla będzie stanowić plac z kawiarniami i restauracjami, a ruch kołowy zostanie ograniczony do minimum. Na terenie inwestycji znajdą się także alejki spacerowe, tężnia solankowa, siłownia plenerowa oraz plac zabaw dla dzieci. W budynkach znajdą się również lokale usługowe.Aleje Praskie – lokalizacja Inwestycja to część osiedla Kamionek znajdującego się w obrębie dzielnicy Praga Południe, przy ul. Podskarbińskiej 32/34. W okolicy znajdują się udogodnienia miejskie: sklepy, placówki edukacyjne i przystanki transportu publicznego. Ta część Pragi zyskuje w ostatnich latach na popularności, dzięki ciekawe architekturze oraz sztuce ulicznej. Znajdujące się tutaj liczne tereny zielone zachęcają do aktywności, odpoczynku i wyciszenia. Kamionek to także bardzo dobrze skomunikowana część Warszawy dzięki bliskości ważnych węzłów komunikacyjnych: ul. Grochowskiej, Targowej, Al. Waszyngtona i Al. Stanów Zjednoczonych, gdzie ma powstać także stacja metra Mińska.Tereny zielone Ogromnym atutem inwestycji jest bliskość terenów zielonych, która umożliwia aktywne spędzanie wolnego czasu. O tym, jak jest to ważne, świadczy ograniczenie do niezbędnego minimum ruchu kołowego na osiedlu. Mieszkańcy mogą korzystać zaprojektowanych z myślą o nich alejek spacerowych, tężni, a także nieodległych: Parku Obwodu Praga Armii Krajowej (1,1 km), Parku Polińskiego (1,5 km), Parku Skaryszewskiego (2,6 km) lub terenów wokół Jeziora Kamionkowskiego (2,1 km).Sklepy, punkty usługowe i gastronomiczne W okolicy funkcjonują liczne sklepy, np. Stokrotka (900 m), Żabka (230 m), Carrefour Express (1,5 km), placówki usługowe i gastronomiczne. Tylko 2,6 km dzieli inwestycję od galerii Rondo Wiatraczna. Najbliższy paczkomat oddalony jest o 800 m. W okolicy zlokalizowanych jest również kilka przychodni lekarskich i aptek. Działają tu liczne restauracje, puby, knajpki.Komunikacja i transport publiczny Inwestycja jest bardzo dobrze skomunikowana z miastem. Dzieje się tak dzięki bliskości ważnych węzłów komunikacyjnych ul. Grochowskiej, ul. Targowej, Al. Waszyngtona i Al. Stanów Zjednoczonych. Dostanie się samochodem do Centrum zajmuje jedynie kilkanaście minut. Mieszkańcy do dyspozycji mają też autobusy, tramwaje i kolej (stacja PKP Warszawa Wschodnia). W odległości 900 m planowana jest lokalizacja stacji metra Mińska.Edukacja W okolicy funkcjonują liczne placówki edukacyjne dla dzieci i młodzieży. Do najbliższego żłobka jest 230 m, do przedszkola – 450 m, a szkoły podstawowej – 1,2 km. Mieszkańcy mają do dyspozycji rozbudowaną sieć bibliotek. Najbliższa znajduje się w odległości 1,1 km. W odległości 1 km usytuowane jest Centrum Promocji Kultury dzielnicy Praga Południe.Rezerwacja i płatność Skorzystaj z formularza, aby poznać szczegóły.Terminy zakończenia: Etap IV – III kwartał 2024 r.Etap V – II kwartał 2025 r. Niniejszy materiał nie stanowi oferty w rozumieniu Kodeksu cywilnego i ma charakter wyłącznie informacyjny.",https://gratka.pl/nieruchomosci/nowe-mieszkanie-warszawa-praga-poludnie-ul-podskarbinska-32-34/ob/33378047
22,"Nowe mieszkanie Warszawa Ursus, ul. Ryżowa 62","Warszawa, Ursus, mazowieckie","44,56 m2",2,4,NULL,dziś,ponad pół roku temu,Zapytaj o cenę,NULL,"Najważniejsze atuty  ✅ Bardzo dobre skomunikowanie z pozostałymi częściami Warszawy ✅ Sąsiedztwo CH Skorosze z szerokim wyborem sklepów, usług i restauracji, a także centrum outletowego Factory Ursus ✅ Bliskość terenów rekreacyjnych i obiektów sportowych ✅ Bogata oferta kulturalna w okolicy Osiedle przy Ryżowej w skrócie Inwestycja Osiedle przy Ryżowej to kompleks 6-piętrowych budynków o jasnej elewacji urozmaiconej balustradami w różnych kolorach oraz zastosowaną w przyziemiu mineralną płytką klinkierową. We wnętrzach użyto także materiałów wysokiej jakości jak laminaty, tapety i gres. W ramach osiedla zaplanowano także zieloną przestrzeń wspólną dla mieszkańców służącą relaksowi i rekreacji oraz plac zabaw dla dzieci. W częściach wspólnych zastosowano energooszczędne oświetlenie LED, a na osiedlu znajdą się także miejsca postojowe dla rowerów. Do każdego mieszkania przynależą balkony, tarasy, loggie lub ogródki, a w oknach lokali zastosowano ochronę antysmogową. Osiedle przy Ryżowej – lokalizacja Osiedle przy Ryżowej położone jest w warszawskiej dzielnicy Ursus, w miejscu zapewniającym dobrą komunikację z pozostałymi częściami stolicy, a także w bliskości centrów handlowych, punktów usługowych czy restauracji. Tereny zielone Osiedle przy Ryżowej oddalone jest o 3,4 km od Parku Czechowickiego. W odległości 4,1 km znajduje się OSiR Ursus, z basenem, kortami tenisowymi oraz boiskiem do piłki nożnej. Sklepy, punkty usługowe i gastronomiczne Osiedle sąsiaduje z centrum handlowym Skorosze, gdzie mieszczą się sklepy, punkty usługowe oraz restauracje. W odległości 1,8 km od inwestycji znajduje się Lidl, a o 750 metrów oddalona jest Biedronka. O 2,9 km oddalone jest centrum outletowe Factory Ursus, gdzie można kupić odzież w korzystnych cenach. W promieniu 400 metrów, przy Ryżowej znajdują się także liczne restauracje: Chata Polska, Bombay Dreams, Przystanek Ogień i Dym czy Portofino Ristorante Italiano. Dużo restauracji sieciowych można znaleźć także w CH Skorosze. Komunikacja i transport publiczny W odległości 130 metrów od Osiedla przy Ryżowej znajduje się przystanek autobusowy Prystora, z którego kursują linie 178 i 207. Bliskość Alej Jerozolimskich umożliwia sprawny dojazd samochodem do centrum Warszawy, a w 3 minuty można dojechać do trasy S8 i Południowej Obwodnicy Warszawy, które umożliwiają szybki wyjazd poza teren stolicy. Stacja kolejowa Warszawa Ursus znajduje się w odległości 2 km. Można z niej dojechać do centrum miasta w ok. 25 minut. Edukacja Najbliższe oddziały przedszkola Entliczek Pentliczek oddalone są od osiedla o 210 i 500 metrów. W promieniu niespełna 2 km od inwestycji znajdują się natomiast aż cztery szkoły podstawowe: publiczne oraz prywatne. Rezerwacja i płatność Wszystkie informacje dotyczące rezerwacji i płatności znajdą Państwo u dewelopera, polecamy kontakt przez formularz.",https://gratka.pl/nieruchomosci/nowe-mieszkanie-warszawa-ursus-ul-ryzowa-62/ob/33387223
23,"Nowe mieszkanie Warszawa Białołęka, ul. Włodkowica 9","Warszawa, Białołęka, mazowieckie","41,74 m2",2,2,NULL,dziś,ponad miesiąc temu,Zapytaj o cenę,NULL,"STWÓRZ Z NAMI SWOJĄ HISTORIĘ! Osiedle Nova Viva Garden przy ulicy Włodkowica to kameralne, niskokondygnacyjne budynki w odcieniach bieli i beżu. W ramach szóstego etapu wraz z dwoma nowymi budynkami przestrzeń dla mieszkańców wzbogaci się o kolejny plac zabaw, miejsca spacerowe oraz o lokale usługowe w parterze. W szóstym etapie powstanie 113 funkcjonalnie zaprojektowanych mieszkań z balkonami, loggiami i ogródkami lub tarasami w opcjach 1-4 pokojowych o metrażach 26-72 m2. STYLOWE OSIEDLE - BLIŻEJ NATURY! Nova Viva Garden 5 to kolejny etap osiedla położonego w zielonej części Białołęki, przy ulicy Włodkowica.Osiedle stanowią urokliwe budynki o niskiej zabudowie, otoczone starannie zaprojektowaną zielenią, zachęcającą do relaksu oraz spacerów z najbliższymi.Budynki osiedla charakteryzują się stonowaną architekturą, białymi elewacjami oraz subtelnymi beżowymi detalami. W piątym etapie powstaną 102 funkcjonalnie zaprojektowane mieszkania, z balkonami lub ogródkami.Oferta obejmuje mieszkania o powierzchniach od 25 do 72 m2, w różnych konfiguracjach, począwszy od 1- do 4-pokojowych.   Nova Viva Garden 4 to najnowszy etap osiedla położonego przy ulicy Włodkowica na warszawskiej Białołęce. To idealne miejsce dla osób poszukujących ciszy i prywatności. Po intensywnym dniu w centrum miasta można wrócić do spokojnego otoczenia swojego mieszkania w malowniczej części miasta. Wraz z dodatkowym etapem powstanie plac zabaw, który stanie się ulubionym miejscem najmłodszych mieszkańców. W czwartym etapie powstaną 72 funkcjonalnie zaprojektowane mieszkania, z balkonami, ogródkami lub tarasami. Oferta obejmuje mieszkania o powierzchniach od 26 do 81 m2,w różnych konfiguracjach, począwszy od 1- do 4-pokojowych. Nova Viva Garden 3 to kolejny, już trzeci etap osiedla powstającego przy ulicy Włodkowica na warszawskiej Białołęce.Osiedle to będzie idealnym miejscem dla osób ceniących przyrodnicze uroki Białołęki, jednocześnie chcących zamieszkać w dobrze skomunikowanej lokalizacji. Wraz z nowym etapem powstanie strefa dla najmłodszych mieszkańców, a okolica oferuje bogate zaplecze edukacyjne, co czyni to osiedle idealnym dla rodzin z dziećmi.Nova Viva Garden ma doskonałe połączenia komunikacyjne dzięki bliskim przystankom autobusowym i tramwajowym. Mieszkańcy mogą dostać się na nowe stacje metra na Bródnie w zaledwie 8 minut.W ramach trzeciego etapu powstanie 155 funkcjonalnie zaprojektowanych mieszkań z balkonami lub ogródkami, w tym jedno mieszkanie z tarasem. Oferta obejmuje mieszkania o powierzchniach od 25 do 79 m², w konfiguracjach 1-, 2-, 3- i 4-pokojowych. Victoria Dom z dumą prezentuje kolejny etap osiedla Nova Viva Garden 2 – drugi etap osiedla to kameralny, czterokondygnacyjny budynek, nawiązujący do otaczającej zabudowy. Elewacje w spokojnych, jasnych tonacjach bieli i szarości oraz delikatne balustrady na balkonach docenią koneserzy nowoczesnej architektury. Uroku całości założenia dodaje starannie zaprojektowana towarzysząca zieleń. Osiedle będzie doskonałym miejscem do życia dla ludzi ceniących spokój i bliskość natury. Jednocześnie okolica obfituje w zaplecze usługowe oraz w placówki edukacyjne. BLIŻEJ NATURYOsiedle Nova Viva Garden to doskonałe miejsce dla wszystkich, którzy pragną odnaleźć spokój i harmonię w zielonym otoczeniu, jednocześnie nie rezygnując z handlowej i rozrywkowej oferty stolicy. Niska, nowoczesna zabudowa oraz wszechobecna zieleń zapewnią poczucie przestrzeni, spokoju i intymności.Mieszkańcy będą mieli do dyspozycji także strefę fitness i plac zabaw dla dzieci. Codzienne potrzeby mieszkańców zapewnią lokale usługowe zlokalizowane w parterze budynku. Inwestycja jest doskonale skomunikowana dzięki licznym liniom autobusowym i tramwajowym w pobliżu. Dogodne połączenia zapewnią także położone nieopodal dwie stacje kolejowe oraz wkrótce otwarte stacje metra. Dodatkowo, w okolicy znajdziemy sklepy, restauracje, galerie handlowe, szkoły, żłobki oraz przedszkola. Niewątpliwym atutem jest bliskość lasów i terenów zielonych.Terminy zakończenia budowy:Etap 1 - I kwartał 2024Etap 2 - III kwartał 2024Etao 4 - IV kwartał 2024Etap 5 - II kwartał 2025Etap 6 - III kwartał 2025",https://gratka.pl/nieruchomosci/nowe-mieszkanie-warszawa-bialoleka-ul-wlodkowica-9/ob/33496383
24,"Nowe mieszkanie Warszawa Praga-Południe, ul. Żupnicza","Warszawa, Praga-Południe, mazowieckie","54,86 m2",3,1,NULL,dziś,ponad pół roku temu,Zapytaj o cenę,NULL,"Metro Art Najważniejsze atuty ✅ Nowoczesny budynek w loftowym stylu✅ Lokalizacja tuż przy przystanku autobusowym i tramwajowym✅ Duże zróżnicowanie metrażowe lokaliMetro Art w skrócie Inwestycja Metro Art to nowoczesny budynek utrzymany w stylu loftowym, liczący siedem kondygnacji, w którym znajdzie się 110 lokali mieszkalnych o zróżnicowanych metrażach: od 29 do 125 m kw. Do wszystkich przynależą balkony, loggie, tarasy bądź ogródki w przypadku mieszkań na parterze. Lokalizacja w pobliżu przystanków tramwajowych i autobusowych, a także rozwiniętej infrastruktury handlowo-usługowej zapewnia pełen komfort życia na co dzień.Metro Art – lokalizacja Metro Art powstaje w części Pragi Południe, na Kamionku, przy ulicy Żupniczej. To lokalizacja, która gwarantuje bliskość terenów zielonych tej części Warszawy, jak Park Skaryszewski czy Kamionkowskie Błonia Elekcyjne, a także rozwiniętej infrastruktury w pobliskim kompleksie kulturalno-rozrywkowo-biznesowym Soho przy ulicy Mińskiej. Dodatkowym atutem inwestycji jest lokalizacja. W pobliżu znajdują się przystanki tramwajowe i autobusowe, co już teraz gwarantuje dobrą komunikację z pozostałymi częściami Warszawy, a w przyszłości planowane jest otwarcie stacji III linii metra – Mińska.Tereny zielone W odległości 1,6 km rozciąga się urokliwy Park Skaryszewski, z Jeziorem Kamionkowskim i Stawami Kaczymi, placami zabaw i terenami pod letnie pikniki. Podobny dystans dzieli budynek od Kamionkowskich Błoni Elekcyjnych z siłownią plenerową i psią łączką.Sklepy, punkty usługowe i gastronomiczne W odległości 120 metrów od inwestycji zlokalizowany jest Lidl. W pobliżu mieści się również piekarnia rzemieślnicza, fromażeria, Biedronka (oddalona o 800 metrów), Urząd Dzielnicy Praga Południe, Sour Deli Bar, PZO Food Hall czy restauracja z kuchnią wegańską.Komunikacja i transport publiczny W odległości 130 metrów od inwestycji Metro Art znajduje się najbliższy przystanek autobusowy – Chodakowska. Kursują z niego autobusy 103, 123, 173 i 202. W 11 minut można dotrzeć spacerem do przystanku tramwajowego na Grochowskiej – Gocławska, z której odjeżdżają linie: 3, 6, 9, 22 i 24.Edukacja W promieniu niespełna 2 km od inwestycji znajduje się dziewięć przedszkoli. Najbliższa podstawówka: Prywatna Szkoła Podstawowa Didasko znajduje się w odległości 600 metrów, a Szkoła Podstawowa nr 255 – w odległości 850 metrów. O 550 metrów oddalona jest Szkoła Wyższa Psychologii Społecznej.Rezerwacja i płatność Skorzystaj z formularza, aby poznać szczegóły.Metro Art 4 to nowoczesne osiedle cenione przez Klientów Victoria Dom na warszawskiej Pradze. Osiedle w zabytkowym sąsiedztwie to miejsce, które łączy w sobie urok i charakter historycznych budynków z nowoczesnymi udogodnieniami i wygodą współczesnego stylu życia.Piękny obszar, zielone otoczenie, bliskość infrastruktury, liczne knajpki i kawiarnie sprawiają, że możesztu cieszyć się pełnią życia mając wszystko na wyciągnięcie ręki.Niewątpliwą zaletą Metro Art jest lokalizacja, która zapewnia mieszkańcom łatwy dostęp do wielu udogodnień, co przekłada się na wygodę i komfort codziennego życia. Tuż przy osiedlu znajdują się sklepy, usługi i przystanek autobusowy, pozwalający szybko i sprawnie dotrzeć do centrum miasta.Szeroki dostęp do okolicznych atrakcji dostarczy mieszkańcom wielu możliwości spędzenia czasu. Sąsiedztwo industrialnej część Warszawy, kultowe praskie kamienice pozwolą poczuć niezwykły klimat i urok tej dzielnicy a zarazem wielkomiejski styl życia.Poczuj wyjątkowy klimat Pragi! Oddajemy w Państwa ręce kolejny etap Osiedla Metro Art 5 w atrakcyjnej lokalizacji - na warszawskiej Pradze. Wyjątkowe położenie w sąsiedztwie zabytków i historycznych budynków połączonez nowoczesnością, wygodą i mnóstwem udogodnień. W ofercie oferujemy łącznie 114 lokali na 7 kondygnacjach naziemnych. Mieszkania o metrażach 33-83 m2. Funkcjonalne układy mieszkań od 2 do 4 pokoi. Wybór mieszkań z balkonem lub ogródkiem.Osiedle Metro Art 9 to ciekawy projekt mieszkaniowy, który oferuje wiele udogodnień dla swoich mieszkańców. Kluczowym punktem, który warto podkreślić jest lokalizacja - osiedle położone jest przy ulicy Żupniczej, co sprawia, że mieszkańcy mają łatwy dostęp do sklepów, kawiarni oraz komunikacji miejskiej, w tym przystanków autobusowych, tramwajowych i stacji metra. Dla miłośników historii i kultury bliskie sąsiedztwo zabytków Warszawy umili każdy rodzinny spacer po okolicy. Nowy 9etap osiedla oferuje 142lokalew metrażach od 27 m2 do 90m2 (w układzie od 1 do 4 -pokojowych), rozmieszczonych na 6kondygnacjach. Osiedle Metro Art 10 to nowoczesny, przyjazny i elegancki kompleks powstający przy ulicy Żupniczej na warszawskiej Pradze. Bogata oferta kulturalna, możliwości edukacyjne i zawodowe pozwolą poczuć niezwykły klimat i urok tej dzielnicy a zarazem wielkomiejski styl życia.Nowy 10 etap osiedla oferuje 118 lokali w metrażach od 27,14 m2 do 69,72 m2 (w układzie od 1 do 4 -pokojowych), rozmieszczonych na 5 kondygnacjach.Twoje miejsce w sercu Pragi Osiedle Metro Art 8 to niezwykle atrakcyjny projekt mieszkaniowy, w którym komfort i wygoda mieszkańców są priorytetem.Jednym z kluczowych elementów, który zasługuje na uwagę, jest doskonała lokalizacja dzięki pobliskim przystankom autobusowym, tramwajowym i stacji metra.To sprawia, że codzienne podróżowanie po Warszawie staje się niezwykle wygodne.Osiedle Metro Art. 8oferuje 142lokalew metrażach od 27 m2 do 90m2 (w układzie od 1 do 4 -pokojowych).TERMIN ZAKOŃCZENIA BUDOWY Etap 2 - IV kwartał 2023Etap 4 - IV kwartał 2024Etap 5 - IV kwartał 2024Etap 8 - IV kwartał 2025Etap 9 - IV kwartał 2024Etap 10 - IV kwartał 2024",https://gratka.pl/nieruchomosci/nowe-mieszkanie-warszawa-praga-poludnie-ul-zupnicza/ob/32185441
25,"Nowe mieszkanie Warszawa Ursus, ul. Ryżowa 62","Warszawa, Ursus, mazowieckie","44,12 m2",2,3,NULL,dziś,ponad pół roku temu,Zapytaj o cenę,NULL,"Najważniejsze atuty  ✅ Bardzo dobre skomunikowanie z pozostałymi częściami Warszawy ✅ Sąsiedztwo CH Skorosze z szerokim wyborem sklepów, usług i restauracji, a także centrum outletowego Factory Ursus ✅ Bliskość terenów rekreacyjnych i obiektów sportowych ✅ Bogata oferta kulturalna w okolicy Osiedle przy Ryżowej w skrócie Inwestycja Osiedle przy Ryżowej to kompleks 6-piętrowych budynków o jasnej elewacji urozmaiconej balustradami w różnych kolorach oraz zastosowaną w przyziemiu mineralną płytką klinkierową. We wnętrzach użyto także materiałów wysokiej jakości jak laminaty, tapety i gres. W ramach osiedla zaplanowano także zieloną przestrzeń wspólną dla mieszkańców służącą relaksowi i rekreacji oraz plac zabaw dla dzieci. W częściach wspólnych zastosowano energooszczędne oświetlenie LED, a na osiedlu znajdą się także miejsca postojowe dla rowerów. Do każdego mieszkania przynależą balkony, tarasy, loggie lub ogródki, a w oknach lokali zastosowano ochronę antysmogową. Osiedle przy Ryżowej – lokalizacja Osiedle przy Ryżowej położone jest w warszawskiej dzielnicy Ursus, w miejscu zapewniającym dobrą komunikację z pozostałymi częściami stolicy, a także w bliskości centrów handlowych, punktów usługowych czy restauracji. Tereny zielone Osiedle przy Ryżowej oddalone jest o 3,4 km od Parku Czechowickiego. W odległości 4,1 km znajduje się OSiR Ursus, z basenem, kortami tenisowymi oraz boiskiem do piłki nożnej. Sklepy, punkty usługowe i gastronomiczne Osiedle sąsiaduje z centrum handlowym Skorosze, gdzie mieszczą się sklepy, punkty usługowe oraz restauracje. W odległości 1,8 km od inwestycji znajduje się Lidl, a o 750 metrów oddalona jest Biedronka. O 2,9 km oddalone jest centrum outletowe Factory Ursus, gdzie można kupić odzież w korzystnych cenach. W promieniu 400 metrów, przy Ryżowej znajdują się także liczne restauracje: Chata Polska, Bombay Dreams, Przystanek Ogień i Dym czy Portofino Ristorante Italiano. Dużo restauracji sieciowych można znaleźć także w CH Skorosze. Komunikacja i transport publiczny W odległości 130 metrów od Osiedla przy Ryżowej znajduje się przystanek autobusowy Prystora, z którego kursują linie 178 i 207. Bliskość Alej Jerozolimskich umożliwia sprawny dojazd samochodem do centrum Warszawy, a w 3 minuty można dojechać do trasy S8 i Południowej Obwodnicy Warszawy, które umożliwiają szybki wyjazd poza teren stolicy. Stacja kolejowa Warszawa Ursus znajduje się w odległości 2 km. Można z niej dojechać do centrum miasta w ok. 25 minut. Edukacja Najbliższe oddziały przedszkola Entliczek Pentliczek oddalone są od osiedla o 210 i 500 metrów. W promieniu niespełna 2 km od inwestycji znajdują się natomiast aż cztery szkoły podstawowe: publiczne oraz prywatne. Rezerwacja i płatność Wszystkie informacje dotyczące rezerwacji i płatności znajdą Państwo u dewelopera, polecamy kontakt przez formularz.",https://gratka.pl/nieruchomosci/nowe-mieszkanie-warszawa-ursus-ul-ryzowa-62/ob/33387205
26,"Nowe mieszkanie Warszawa Praga-Południe, ul. Żupnicza","Warszawa, Praga-Południe, mazowieckie","42,57 m2",2,2,NULL,dziś,ponad pół roku temu,Zapytaj o cenę,NULL,"Metro Art Najważniejsze atuty ✅ Nowoczesny budynek w loftowym stylu✅ Lokalizacja tuż przy przystanku autobusowym i tramwajowym✅ Duże zróżnicowanie metrażowe lokaliMetro Art w skrócie Inwestycja Metro Art to nowoczesny budynek utrzymany w stylu loftowym, liczący siedem kondygnacji, w którym znajdzie się 110 lokali mieszkalnych o zróżnicowanych metrażach: od 29 do 125 m kw. Do wszystkich przynależą balkony, loggie, tarasy bądź ogródki w przypadku mieszkań na parterze. Lokalizacja w pobliżu przystanków tramwajowych i autobusowych, a także rozwiniętej infrastruktury handlowo-usługowej zapewnia pełen komfort życia na co dzień.Metro Art – lokalizacja Metro Art powstaje w części Pragi Południe, na Kamionku, przy ulicy Żupniczej. To lokalizacja, która gwarantuje bliskość terenów zielonych tej części Warszawy, jak Park Skaryszewski czy Kamionkowskie Błonia Elekcyjne, a także rozwiniętej infrastruktury w pobliskim kompleksie kulturalno-rozrywkowo-biznesowym Soho przy ulicy Mińskiej. Dodatkowym atutem inwestycji jest lokalizacja. W pobliżu znajdują się przystanki tramwajowe i autobusowe, co już teraz gwarantuje dobrą komunikację z pozostałymi częściami Warszawy, a w przyszłości planowane jest otwarcie stacji III linii metra – Mińska.Tereny zielone W odległości 1,6 km rozciąga się urokliwy Park Skaryszewski, z Jeziorem Kamionkowskim i Stawami Kaczymi, placami zabaw i terenami pod letnie pikniki. Podobny dystans dzieli budynek od Kamionkowskich Błoni Elekcyjnych z siłownią plenerową i psią łączką.Sklepy, punkty usługowe i gastronomiczne W odległości 120 metrów od inwestycji zlokalizowany jest Lidl. W pobliżu mieści się również piekarnia rzemieślnicza, fromażeria, Biedronka (oddalona o 800 metrów), Urząd Dzielnicy Praga Południe, Sour Deli Bar, PZO Food Hall czy restauracja z kuchnią wegańską.Komunikacja i transport publiczny W odległości 130 metrów od inwestycji Metro Art znajduje się najbliższy przystanek autobusowy – Chodakowska. Kursują z niego autobusy 103, 123, 173 i 202. W 11 minut można dotrzeć spacerem do przystanku tramwajowego na Grochowskiej – Gocławska, z której odjeżdżają linie: 3, 6, 9, 22 i 24.Edukacja W promieniu niespełna 2 km od inwestycji znajduje się dziewięć przedszkoli. Najbliższa podstawówka: Prywatna Szkoła Podstawowa Didasko znajduje się w odległości 600 metrów, a Szkoła Podstawowa nr 255 – w odległości 850 metrów. O 550 metrów oddalona jest Szkoła Wyższa Psychologii Społecznej.Rezerwacja i płatność Skorzystaj z formularza, aby poznać szczegóły.Metro Art 4 to nowoczesne osiedle cenione przez Klientów Victoria Dom na warszawskiej Pradze. Osiedle w zabytkowym sąsiedztwie to miejsce, które łączy w sobie urok i charakter historycznych budynków z nowoczesnymi udogodnieniami i wygodą współczesnego stylu życia.Piękny obszar, zielone otoczenie, bliskość infrastruktury, liczne knajpki i kawiarnie sprawiają, że możesztu cieszyć się pełnią życia mając wszystko na wyciągnięcie ręki.Niewątpliwą zaletą Metro Art jest lokalizacja, która zapewnia mieszkańcom łatwy dostęp do wielu udogodnień, co przekłada się na wygodę i komfort codziennego życia. Tuż przy osiedlu znajdują się sklepy, usługi i przystanek autobusowy, pozwalający szybko i sprawnie dotrzeć do centrum miasta.Szeroki dostęp do okolicznych atrakcji dostarczy mieszkańcom wielu możliwości spędzenia czasu. Sąsiedztwo industrialnej część Warszawy, kultowe praskie kamienice pozwolą poczuć niezwykły klimat i urok tej dzielnicy a zarazem wielkomiejski styl życia.Poczuj wyjątkowy klimat Pragi! Oddajemy w Państwa ręce kolejny etap Osiedla Metro Art 5 w atrakcyjnej lokalizacji - na warszawskiej Pradze. Wyjątkowe położenie w sąsiedztwie zabytków i historycznych budynków połączonez nowoczesnością, wygodą i mnóstwem udogodnień. W ofercie oferujemy łącznie 114 lokali na 7 kondygnacjach naziemnych. Mieszkania o metrażach 33-83 m2. Funkcjonalne układy mieszkań od 2 do 4 pokoi. Wybór mieszkań z balkonem lub ogródkiem.Osiedle Metro Art 9 to ciekawy projekt mieszkaniowy, który oferuje wiele udogodnień dla swoich mieszkańców. Kluczowym punktem, który warto podkreślić jest lokalizacja - osiedle położone jest przy ulicy Żupniczej, co sprawia, że mieszkańcy mają łatwy dostęp do sklepów, kawiarni oraz komunikacji miejskiej, w tym przystanków autobusowych, tramwajowych i stacji metra. Dla miłośników historii i kultury bliskie sąsiedztwo zabytków Warszawy umili każdy rodzinny spacer po okolicy. Nowy 9etap osiedla oferuje 142lokalew metrażach od 27 m2 do 90m2 (w układzie od 1 do 4 -pokojowych), rozmieszczonych na 6kondygnacjach. Osiedle Metro Art 10 to nowoczesny, przyjazny i elegancki kompleks powstający przy ulicy Żupniczej na warszawskiej Pradze. Bogata oferta kulturalna, możliwości edukacyjne i zawodowe pozwolą poczuć niezwykły klimat i urok tej dzielnicy a zarazem wielkomiejski styl życia.Nowy 10 etap osiedla oferuje 118 lokali w metrażach od 27,14 m2 do 69,72 m2 (w układzie od 1 do 4 -pokojowych), rozmieszczonych na 5 kondygnacjach.Twoje miejsce w sercu Pragi Osiedle Metro Art 8 to niezwykle atrakcyjny projekt mieszkaniowy, w którym komfort i wygoda mieszkańców są priorytetem.Jednym z kluczowych elementów, który zasługuje na uwagę, jest doskonała lokalizacja dzięki pobliskim przystankom autobusowym, tramwajowym i stacji metra.To sprawia, że codzienne podróżowanie po Warszawie staje się niezwykle wygodne.Osiedle Metro Art. 8oferuje 142lokalew metrażach od 27 m2 do 90m2 (w układzie od 1 do 4 -pokojowych).TERMIN ZAKOŃCZENIA BUDOWY Etap 2 - IV kwartał 2023Etap 4 - IV kwartał 2024Etap 5 - IV kwartał 2024Etap 8 - IV kwartał 2025Etap 9 - IV kwartał 2024Etap 10 - IV kwartał 2024",https://gratka.pl/nieruchomosci/nowe-mieszkanie-warszawa-praga-poludnie-ul-zupnicza/ob/32185387
27,"Nowe mieszkanie Warszawa Włochy, al. Jerozolimskie 190","Warszawa, Włochy, mazowieckie","37,48 m2",2,1,NULL,dziś,4 dni temu,Zapytaj o cenę,NULL,"Najważniejsze atuty  ✅ Osiedle zaprojektowane w duchu Bauhausu ✅ Ekologiczne rozwiązania zastosowane w inwestycji ✅ Lokale usługowe na parterze ✅ Garaż podziemny Osiedle przy Alejach w skrócie Inwestycja zaprojektowana w duchu Bauhausu, kierunku w architekturze i designie, odznaczającym się funkcjonalnością rozwiązań, prostotą oraz abstrakcyjnymi wzorami. Nowoczesny wygląd inwestycji Osiedle przy Alejach uzyskano dzięki przeszklonej elewacji od strony ulicy, a wnętrza ozdobione zostaną kolorowymi grafikami złożonymi z figur geometrycznych. Ekologiczne rozwiązania, jak zielone dachy oraz panele fotowoltaiczne pozwolą na obniżenie rachunków za energię zużywaną w częściach wspólnych inwestycji. Dla wygody mieszkańców w podziemiach zaprojektowano garaż, a na parterze znajdą się lokale usługowe. Osiedle przy Alejach – lokalizacja Inwestycja zlokalizowana jest przy Alejach Jerozolimskich, w najstarszej części dzielnicy Włochy. Dominuje tu niska, luźna zabudowa oraz sporo terenów zielonych, zapewniających odpoczynek wśród natury. W pobliżu znajduje się także rozbudowana infrastruktura, a dobrą komunikację z resztą Warszawy zapewniają Aleje Jerozolimskie oraz transport miejski. Tereny zielone W odległości 1,7 km znajduje się Park ze Stawami Cietrzewia, a 4,3 km dzieli mieszkańców inwestycji od Parku Szczęśliwickiego na Ochocie. Sklepy, punkty usługowe i gastronomiczne O 500 metrów oddalony jest sklep Makro, o 1,5 km sklep E.Leclerc, o 2,6 km – Biedronka, o 2,9 km – Lidl. W odległości 3,5 km znajduje się centrum handlowe Blue City, gdzie mieszczą się nie tylko sklepy, ale też restauracje, sala zabaw dla dzieci, centrum fitness i kino. O 3,8 km oddalony jest outlet odzieżowy Factory Ursus. W pobliżu znajdują się także m.in. restauracja Pizza Hut i z kuchnią azjatycką Orient Cook (500 m), KFC (1,9 km) czy Chili Bistro (1,6 km). Komunikacja i transport publiczny Z przystanku autobusowego Popularna oddalonego o 260 m odjeżdżają takie linie, jak: 187, 517, 717 i 817. W pobliżu znajduje się także stacja Szybkiej Kolei Miejskiej, pozwalającej sprawnie przejechać w inne części stolicy, a użytkownicy aut mogą szybko przemieszczać się dzięki pobliskim Alejom Jerozolimskim. Edukacja Najbliższe Przedszkole Niepubliczne Biały Miś znajduje się w odległości 1,2 km od inwestycji, a o 1,9 km oddalony jest Żłobek Anteczek. O 1,8 km oddalona jest Szkoła Podstawowa nr 94 im. I Marszałka Polski Józefa Piłsudskiego, a o 2 km – CLIX Liceum Ogólnokształcące im. Króla Jana III Sobieskiego. Rezerwacja i płatność Wszystkie informacje dotyczące rezerwacji i płatności znajdą Państwo u dewelopera, polecamy kontakt przez formularz.",https://gratka.pl/nieruchomosci/nowe-mieszkanie-warszawa-wlochy-al-jerozolimskie-190/ob/34542485
28,"Nowe mieszkanie Warszawa Os.wawer, ul. Pożaryskiego 35","Warszawa, Os.Wawer, mazowieckie","82,19 m2",4,1,NULL,dziś,ponad pół roku temu,Zapytaj o cenę,NULL,"Najważniejsze atuty  ✅ Bliskość Mazowieckiego Parku Krajobrazowego✅ Pełna infrastruktura miejska✅ W sąsiedztwie znajduje się stacja kolejowa✅ Połączenie nowoczesnej bryły z detalami nawiązującymi do malowniczego stylu świdermajer Przystanek Międzylesie w skrócie Osiedle, na które składają się kilkupiętrowe budynki o nowoczesnym charakterze z detalami nawiązującymi do malowniczego stylu świdermajer, charakterystycznego dla tutejszej zabudowy. Na parterze znajdą się liczne lokale usługowe, a na wysokości 1 piętra – teren zielony z placem zabaw dla najmłodszych. Zróżnicowany metraż mieszkań zaczyna się od 42, a sięga 83 m kw. Przystanek Międzylesie – lokalizacja Inwestycja Przystanek Międzylesie zlokalizowana jest w dzielnicy Warszawy Wawer, przy ulicy Pożaryskiego, blisko Mazowieckiego Parku Krajobrazowego, a także osiedlowego pasażu usługowego i stacji kolejowej, co zapewnia komfort codziennego funkcjonowania i ewentualnych dojazdów w inne części Warszawy. Tereny zielone W pobliżu inwestycji rozciągają się tereny Mazowieckiego Parku Krajobrazowego, gdzie znajduje się pełno szlaków turystycznych oraz ścieżek rowerowych. Sklepy, punkty usługowe i gastronomiczne Tuż obok osiedla znajduje się Lidl, blisko stąd także do centrum handlowego Ferio Wawer. W sąsiedztwie mieści się Urząd Dzielnicy Wawer oraz Wawerskie Centrum Kultury. Wśród najbliższych restauracji można wymienić DzikĄ Radość (200 m), pizzerię Capri (850 m) czy Kawę i Chili – Piwnicę Meksykańską (850 m). Komunikacja i transport publiczny Krótki spacer zajmuje dojście do stacji kolejowej Warszawa Międzylesie, skąd Szybką Koleją Miejską dojeżdża się do centrum Warszawy w 25 minut. Samochodem dociera się do Śródmieścia w 20 minut. O 5 km oddalona jest natomiast Południowa Obwodnica Warszawy, umożliwiająca szybki wyjazd z miasta.Edukacja W odległości 900 metrów znajduje się Przedszkole Leśny Zakątek, o 500 metrów oddalone jest natomiast Przedszkole nr 84 Promyk. Szkoła Podstawowa nr 138 mieści się w odległości 1,3 km, a o kilometr oddalone jest Prywatne Liceum Ogólnokształcące. Rezerwacja i płatność Wszystkie informacje dotyczące rezerwacji i płatności znajdą Państwo u dewelopera, polecamy kontakt przez formularz.",https://gratka.pl/nieruchomosci/nowe-mieszkanie-warszawa-os-wawer-ul-pozaryskiego-35/ob/30797683
29,"Nowe mieszkanie Warszawa Włochy, ul. Łopuszańska","Warszawa, Włochy, mazowieckie","74,90 m2",4,3,NULL,dziś,ponad pół roku temu,Zapytaj o cenę,NULL,"Miasteczko Nova OchotaW ramach osiedla mieszkańcy znajdą wszystko, czego potrzebują na co dzień: lokale usługowe, zielony skwer z fontanną, place zabaw, przedszkole, a nawet kort tenisowy. Wszystko to osadzone w nowoczesnej architekturze z niebanalnie zaprojektowaną zielenią, w świetnej lokalizacji pozwalającej szybko dostać się do centrum miasta zarówno zmotoryzowanym, jak i tym korzystającym z komunikacji miejskiej. Lokalizacja pozwala na szybki dojazd do centrum Warszawy, dzięki pobliskiej trasie szybkiego ruchu, stacji WKD, czy często kursującym autobusom miejskim.W pobliżu inwestycji powstało wiele placówek edukacyjnych, a w rozwijającej się okolicy korporacje otworzyły siedziby. W niedalekim sąsiedztwie znajdują się tereny rekreacyjne: jak Park Szczęśliwicki ze stokiem narciarskim, czy Park ze Stawami Cietrzewia. Z osiedla blisko też na zakupy! W zaledwie kilka minut dotrzemy do C.H. Blue City, Reduta oraz sklepów takich jak: E.Leclerc, Castorama, Makro.Żyj wygodnie w miejskim stylu. - Victoria Dom z dumą prezentuje kolejny etap osiedla  Miasteczko Nova Ochota 11 – kilkunastoetapowego rodzinnego kompleksu, na którym znajdziemy wszystko, czego potrzeba na co dzień.Lokale usługowe, place zabaw, przedszkole, kort tenisowy, a nieopodal kilka parków i terenów zielonych oraz centra handlowe. Wszystko to w nowoczesnej architekturze, wśród ciekawie zaprojektowanej zieleni, która daje poczucie przestrzeni, spokoju w bliskiej odległości od centrum miasta. Największą zaletą inwestycji pozostaje świetna lokalizacja pozwalająca dotrzeć do centrum miasta już w 15 minut dzięki bliskości tras dojazdowych, przystanków autobusowych, tramwajowych i stacji WKD.Przemyślana koncepcja osiedla oferuje wiele form spęczania czasu w zależności od potrzeb. Dla miłośników sportu zaplanowano kort tenisowy, pozwalający rozwijać pasje i dbać o kondycję. Sympatycy spacerów i relaksu będą mogli przechadzać się spokojnymi alejkami, które doprowadzą ich do urokliwego skweru z fontanną, rodzice docenią bliskość osiedlowego przedszkola, a zapominalskich ucieszy szeroki asortyment osiedlowych sklepów.Miasteczko Nova Ochota 7 to kolejny etap inwestycji zlokalizowanej na warszawskich Włochach. W ramach siódmego etapu oferujemy blok z mieszkaniami o metrażach od 28m2 do 97m2 – wszystkie z ogródkami lub balkonami.Miasteczko Nova Ochota 10 Etap 10 inwestycji Miasteczko Nova Ochota to mieszkania o metrażach 26 m2 – 99 m2 w opcjach 1,2,3,4, 5- pokojowych. Każde z mieszkań będzie posiadać balkon lub ogródek. Ponadto w budynku przewidziano przestrzeń na komórki lokatorskie, boksy rowerowe, czy wózkownię.TERMIN ZAKOŃCZENIA BUDOWY: 31.05.2023rMiasteczko Nova Ochota 9To następny etap nowoczesnej inwestycji, która została zaplanowana z myślą o potrzebach swoich mieszkańców.TTERMIN ZAKOŃCZENIA BUDOWY: PRZEDSPRZEDAŻMiasteczko Nova Ochota 8 Ósmy etap inwestycji to budynek o 4 kondygnacjach, w którym powstają 63 ustawne mieszkania o funkcjonalnych rozkładach w opcjach 1,2,3 i 4-pokojowych. Zakres dostępnych metraży znajduje się w przedziale od 29 m2 do 79 m2. W ofercie znajdują się mieszkania z ogródkami lub balkonami.TERMIN ZAKOŃCZENIA BUDOWY: 15.04.2023rMiasteczko Nova Ochota 6 Szósty etap inwestycji to budynek o 4 kondygnacjach, w którym powstaną 74 ustawne mieszkania o funkcjonalnych rozkładach w opcjach 1,2,3 i 4-pokojowych. Zakres dostępnych metraży znajduje się w przedziale od 27,11m2 do 88m2. W ofercie znajdują się mieszkania z ogródkami lub balkonami.Miasteczko Nova Ochota 5 Piąty etap inwestycji to 6-kondygnacyjny budynek, w którym powstanie 80 ustawnych mieszkań o funkcjonalnych rozkładach w opcjach 1,2,3 i 4-pokojowych. Zakres dostępnych metraży rozpoczyna się od 28 m2, a kończy na 75 m2. W ofercie znajdują się mieszkania z ogródkiem oraz z jednym lub dwoma balkonami.TERMIN ZAKOŃCZENIA BUDOWY: 28.04.2023rMiasteczko Nova Ochota 4 Czwarty etap inwestycji to 6 kondygnacyjny budynek dwubryłowy, w którym powstają 123 ustawne mieszkania w opcjach: 1,2,3 i 4- pokojowych. Zakres dostępnych metraży rozpoczyna się od 26 m2, a kończy na 83 m2.Tak jak w poprzednim etapie w ofercie znajdują się mieszkania z ogródkiem oraz z jednym lub z dwoma balkonami.Miasteczko Nova Ochota 3 Miasteczko Nova Ochota 3 to 169 ustawnych mieszkań z balkonami lub ogródkami lokatorskimi. Dostępne są w opcjach: 1,2,3,4 i 5- pokojowych o metrażach w zakresie od 26 m2 do 83 m2.Miasteczko Nova Ochota to miejsce z potencjałem, w którym rodzi się motywacja do czerpania z życia pełnymi garściami.Miasteczko Nova Ochota 2 to drugi etap inwestycji warszawskiego dewelopera Victoria Dom.Nowe osiedle będzie w pełni samowystarczalnym „miasteczkiem w mieście” łączącym nowoczesną architekturę i dogodną lokalizację. Bogata i funkcjonalna infrastruktura zapewni mieszkańcom przyjazne i atrakcyjne otoczenie, a zielony teren rekreacyjny z fontanną będzie doskonałym miejscem do spotkań.Szybki dojazd do Centrum i pozostałych dzielnic Warszawy zapewni komunikacja miejska i stacja kolei WKD znajdująca się w pobliżu nowego osiedla. Przyszli mieszkańcy mogą wybierać spośród 161 mieszkań o powierzchni od 26 do 95 m2.Na Klientów czeka duży wybór popularnych lokali 1 i 2 pokojowych o średnim metrażu 37 m2. Wszystkie nowe mieszkania zostały zaplanowane w taki sposób, aby niezależnie od metrażu były ustawne, wygodne i funkcjonalne. Każde z nich posiada balkon lub ogródek lokatorski.Miasteczko Nova Ochota to najnowsze, położone przy ul. Łopuszańskiej osiedle Victorii Dom.Inwestycja będzie w pełni samowystarczalnym „miasteczkiem w mieście” łączącym nowoczesną architekturę i dogodną lokalizację.TERMIN ZAKOŃCZENIA BUDOWY: II kwartał 2021",https://gratka.pl/nieruchomosci/nowe-mieszkanie-warszawa-wlochy-ul-lopuszanska/ob/24813643
30,"Nowe mieszkanie Warszawa Włochy, al. Jerozolimskie 190","Warszawa, Włochy, mazowieckie","61,85 m2",3,3,1983,wczoraj,ponad miesiąc temu,Zapytaj o cenę,NULL,"Najważniejsze atuty  ✅ Osiedle zaprojektowane w duchu Bauhausu ✅ Ekologiczne rozwiązania zastosowane w inwestycji ✅ Lokale usługowe na parterze ✅ Garaż podziemny Osiedle przy Alejach w skrócie Inwestycja zaprojektowana w duchu Bauhausu, kierunku w architekturze i designie, odznaczającym się funkcjonalnością rozwiązań, prostotą oraz abstrakcyjnymi wzorami. Nowoczesny wygląd inwestycji Osiedle przy Alejach uzyskano dzięki przeszklonej elewacji od strony ulicy, a wnętrza ozdobione zostaną kolorowymi grafikami złożonymi z figur geometrycznych. Ekologiczne rozwiązania, jak zielone dachy oraz panele fotowoltaiczne pozwolą na obniżenie rachunków za energię zużywaną w częściach wspólnych inwestycji. Dla wygody mieszkańców w podziemiach zaprojektowano garaż, a na parterze znajdą się lokale usługowe. Osiedle przy Alejach – lokalizacja Inwestycja zlokalizowana jest przy Alejach Jerozolimskich, w najstarszej części dzielnicy Włochy. Dominuje tu niska, luźna zabudowa oraz sporo terenów zielonych, zapewniających odpoczynek wśród natury. W pobliżu znajduje się także rozbudowana infrastruktura, a dobrą komunikację z resztą Warszawy zapewniają Aleje Jerozolimskie oraz transport miejski. Tereny zielone W odległości 1,7 km znajduje się Park ze Stawami Cietrzewia, a 4,3 km dzieli mieszkańców inwestycji od Parku Szczęśliwickiego na Ochocie. Sklepy, punkty usługowe i gastronomiczne O 500 metrów oddalony jest sklep Makro, o 1,5 km sklep E.Leclerc, o 2,6 km – Biedronka, o 2,9 km – Lidl. W odległości 3,5 km znajduje się centrum handlowe Blue City, gdzie mieszczą się nie tylko sklepy, ale też restauracje, sala zabaw dla dzieci, centrum fitness i kino. O 3,8 km oddalony jest outlet odzieżowy Factory Ursus. W pobliżu znajdują się także m.in. restauracja Pizza Hut i z kuchnią azjatycką Orient Cook (500 m), KFC (1,9 km) czy Chili Bistro (1,6 km). Komunikacja i transport publiczny Z przystanku autobusowego Popularna oddalonego o 260 m odjeżdżają takie linie, jak: 187, 517, 717 i 817. W pobliżu znajduje się także stacja Szybkiej Kolei Miejskiej, pozwalającej sprawnie przejechać w inne części stolicy, a użytkownicy aut mogą szybko przemieszczać się dzięki pobliskim Alejom Jerozolimskim. Edukacja Najbliższe Przedszkole Niepubliczne Biały Miś znajduje się w odległości 1,2 km od inwestycji, a o 1,9 km oddalony jest Żłobek Anteczek. O 1,8 km oddalona jest Szkoła Podstawowa nr 94 im. I Marszałka Polski Józefa Piłsudskiego, a o 2 km – CLIX Liceum Ogólnokształcące im. Króla Jana III Sobieskiego. Rezerwacja i płatność Wszystkie informacje dotyczące rezerwacji i płatności znajdą Państwo u dewelopera, polecamy kontakt przez formularz.",https://gratka.pl/nieruchomosci/nowe-mieszkanie-warszawa-wlochy-al-jerozolimskie-190/ob/33361809
31,"Nowe mieszkanie Warszawa Ursus, ul. Przy Forcie 2","Warszawa, Ursus, mazowieckie","38,53 m2",2,2,NULL,dziś,ponad dwa tygodnie temu,Zapytaj o cenę,NULL,"Najważniejsze atuty  ✅ Bogata infrastruktura miejska w okolicy✅ Łatwy i szybki dostęp do centrum Warszawy✅ Rozległe tereny zielone w sąsiedztwie✅ Komfortowe rozwiązania dla mieszkańców osiedlaOsiedle przy Forcie w skrócie Inwestycja, która powstaje w warszawskiej dzielnicy Ursus i odznacza się pełną wygodą dla mieszkańców oraz lokalizacją zapewniającą dobrą komunikację z resztą miasta i rozbudowaną infrastrukturę. Osiedle przy Forcie to nowoczesna, 5-piętrowa zabudowa, obniżająca się od północy kaskadowo do 3 pięter. Jasną elewację zdobią szklane balustrady loggii, pnącza na ścianach oraz mineralna płytka klinkierowa. W ofercie dostępne są mieszkania o zróżnicowanych metrażach i funkcjonalnych rozkładach, w tym lokale 1- i 2-pokojowe dla singli oraz par czy 3-pokojowe i większe, zaprojektowane z myślą o rodzinach. Do lokali na parterze przynależeć będą ogródki, a na piętrach – balkony, loggie lub obszerne tarasy. Na zielonym, obszernym patio można w pełni oddać się relaksowi, a dla dzieci przygotowano na nim osiedlowy plac zabaw. Energooszczędne oświetlenie LED w częściach wspólnych i energooszczędne windy pozwolą obniżyć rachunki za utrzymanie nieruchomości, podobnie jak panele fotowoltaiczne zamontowane na dachach. Dla zapewnienia wygody mieszkańcom zaprojektowano również garaż podziemny i schowki lokatorskiej, a dla posiadaczy rowerów – stoiska i rowerownie.Osiedle przy Forcie – lokalizacja Osiedle powstaje przy ulicy Przy Forcie, w Ursusie. To w ostatnich latach dynamicznie rozwijająca się okolica, którą chętnie wybierają rodziny z dziećmi, ale też osoby poszukujące swojego pierwszego mieszkania czy inwestorzy.Tereny zielone Bliskość rozległych terenów zielonych, jak Park Achera czy Fort „Włochy” to kolejny atut tej inwestycji dla osób ceniących sobie spędzanie czasu wolnego na świeżym powietrzu.Sklepy, punkty usługowe i gastronomiczne Mieszkańcy Osiedla Przy Forcie w zasięgu krótkiego spaceru mają dostępne centrum handlowe Skorosze, w którym znajdują się liczne sklepy, punkty usługowe i restauracje. Równie blisko jest stąd do odzieżowego centrum outletowego Factory Ursus. Tuż obok (750 m) znajduje się Biedronka, a w odległości 1,7 km – Lidl. W bezpośrednim sąsiedztwie osiedla mieszczą się także m.in.: lodziarnia, restauracja tadżycka i bistro sushi.Komunikacja i transport publiczny Nieopodal osiedla znajduje się przystanek autobusowy Skoroszewska, z którego kursują liczne linie autobusowe. Dojście do niego zajmuje raptem 2 minuty. Podróż autem ułatwia szybki dojazd do alej Jerozolimskich, którymi można dojechać do centrum Warszawy w 20 minut. 5 minut zajmuje natomiast dojazd do trasy S8 i Południowej Obwodnicy Warszawy, którymi dojeżdża się zarówno do innych dzielnic stolicy, jak i wyjeżdża poza miasto. W odległości 1,5 km znajduje się stacja kolejowa Warszawa Ursus, ułatwiająca komunikację z centrum. Blisko stąd również do kluczowych węzłów komunikacyjnych, jak Dworzec Zachodni i Lotnisko Chopina.Edukacja W promieniu niespełna 500 metrów znajdują się trzy przedszkola, miejskie i niepubliczne. Tuż obok osiedla działa Niepubliczna „Mała Szkoła” Podstawowa, a o ok. 800 metrów oddalone są: Szkoła Podstawowa nr 360, Szkoła Podstawowa nr 382 i Szkoła Podstawowa nr 4 im. Władysława Broniewskiego.Rezerwacja i płatność Wszystkie informacje dotyczące rezerwacji i płatności znajdą Państwo u dewelopera, polecamy kontakt przez formularz.",https://gratka.pl/nieruchomosci/nowe-mieszkanie-warszawa-ursus-ul-przy-forcie-2/ob/34321203
